==================================================
🚀 Building Frontend (React)
==================================================

> cv-enhancer-frontend@1.0.0 build
> react-scripts build

Creating an optimized production build...
Compiled with warnings.

[eslint] 
src/components/CVPreview.js
  Line 527:82:  Unnecessary escape character: \-            no-useless-escape
  Line 612:15:  'mainW' is assigned a value but never used  no-unused-vars

src/pages/AdminPage.js
  Line 654:8:  React Hook useEffect has a missing dependency: 'fetchConfigs'. Either include it or remove the dependency array  react-hooks/exhaustive-deps

src/pages/CVCustomizePage.js
  Line 290:9:  The 'theme' logical expression could make the dependencies of useCallback Hook (at line 298) change on every render. To fix this, wrap the initialization of 'theme' in its own useMemo() Hook  react-hooks/exhaustive-deps
  Line 290:9:  The 'theme' logical expression could make the dependencies of useCallback Hook (at line 305) change on every render. To fix this, wrap the initialization of 'theme' in its own useMemo() Hook  react-hooks/exhaustive-deps

src/pages/CVDesignPage.js
  Line 21:9:  'canUseAI' is assigned a value but never used  no-unused-vars

src/pages/CVEditorPage.js
  Line 5:8:    'ThemePanel' is defined but never used         no-unused-vars
  Line 252:9:  'setTheme' is assigned a value but never used  no-unused-vars

src/pages/CoverLetterEditorPage.js
  Line 18:6:  React Hook useEffect has a missing dependency: 'fetchLetter'. Either include it or remove the dependency array  react-hooks/exhaustive-deps

src/pages/CoverLetterViewPage.js
  Line 19:8:  React Hook useEffect has a missing dependency: 'fetchLetter'. Either include it or remove the dependency array  react-hooks/exhaustive-deps

src/pages/DashboardPage.js
  Line 1:38:   'useRef' is defined but never used                                                                           no-unused-vars
  Line 1:46:   'useCallback' is defined but never used                                                                      no-unused-vars
  Line 92:36:  React Hook useEffect has a missing dependency: 'fetchCVs'. Either include it or remove the dependency array  react-hooks/exhaustive-deps

src/pages/JobTrackerPage.js
  Line 134:57:  Unnecessary escape character: \/  no-useless-escape

src/pages/SignupPage.js
  Line 11:11:  'login' is assigned a value but never used  no-unused-vars

src/pages/VerificationPage.js
  Line 2:40:  'Link' is defined but never used  no-unused-vars

src/utils/atsEngine.js
  Line 132:10:  'calculateATS' is defined but never used  no-unused-vars

src/utils/coverLetterEngine.js
  Line 87:40:  Unnecessary escape character: \*  no-useless-escape

src/utils/printCV.js
  Line 237:44:  Function declared in a loop contains unsafe references to variable(s) 'curY'  no-loop-func

Search for the keywords to learn more about each warning.
To ignore, add // eslint-disable-next-line to the line before.

File sizes after gzip:

  314.56 kB  build/static/js/main.8f466f58.js
  42.81 kB   build/static/js/455.409aacca.chunk.js
  10.11 kB   build/static/css/main.8c16a97c.css
  8.68 kB    build/static/js/977.b1d96966.chunk.js

The project was built assuming it is hosted at /.
You can control this with the homepage field in your package.json.

The build folder is ready to be deployed.
You may serve it with a static server:

  npm install -g serve
  serve -s build

Find out more about deployment here:

  https://cra.link/deployment

==================================================
🚀 Deploying Frontend (89.168.85.18)
==================================================
sending incremental file list
created directory /tmp/frontend_build
./
asset-manifest.json
index.html
static/
static/css/
static/css/main.8c16a97c.css
static/css/main.8c16a97c.css.map
static/js/
static/js/455.409aacca.chunk.js
static/js/455.409aacca.chunk.js.map
static/js/977.b1d96966.chunk.js
static/js/977.b1d96966.chunk.js.LICENSE.txt
static/js/977.b1d96966.chunk.js.map
static/js/main.8f466f58.js
static/js/main.8f466f58.js.LICENSE.txt
static/js/main.8f466f58.js.map

sent 1,681,234 bytes  received 313 bytes  672,618.80 bytes/sec
total size is 6,316,331  speedup is 3.76
Pseudo-terminal will not be allocated because stdin is not a terminal.
import http.server
import socketserver
import os

PORT = 80
DIRECTORY = "/opt/frontend"

class SPADirectoryHandler(http.server.SimpleHTTPRequestHandler):
    def __init__(self, *args, **kwargs):
        super().__init__(*args, directory=DIRECTORY, **kwargs)
        
    def do_GET(self):
        path = self.translate_path(self.path)
        if not os.path.exists(path) and not os.path.isfile(path):
            self.path = '/index.html'
        return super().do_GET()

with socketserver.TCPServer(("", PORT), SPADirectoryHandler) as httpd:
    print(f"Serving at port {PORT}")
    httpd.serve_forever()
[Unit]
Description=React Frontend Server
After=network.target

[Service]
User=root
WorkingDirectory=/opt/frontend
ExecStart=/usr/bin/python3 /opt/frontend/server.py
Restart=always

[Install]
WantedBy=multi-user.target
success
Warning: ALREADY_ENABLED: 80:tcp
success
==================================================
🚀 Deploying Backend (79.76.126.235)
==================================================
sending incremental file list
created directory /tmp/backend
./
.env
.env.example
.gitignore
Dockerfile
README.md
add_personal_info_column.sql
check_config.py
migrate_cvs.py
patch_ai_enhance.py
patch_ai_integration.py
populate_cv.py
requirements.txt
run.py
test_enhance.py
test_suggestions.py
.venv/
.venv/pyvenv.cfg
.venv/bin/
.venv/bin/Activate.ps1
.venv/bin/activate
.venv/bin/activate.csh
.venv/bin/activate.fish
.venv/bin/distro
.venv/bin/dotenv
.venv/bin/dumppdf.py
.venv/bin/email_validator
.venv/bin/fastapi
.venv/bin/httpx
.venv/bin/normalizer
.venv/bin/pdf2txt.py
.venv/bin/pdfplumber
.venv/bin/pip
.venv/bin/pip3
.venv/bin/pip3.11
.venv/bin/pipreqs
.venv/bin/pypdfium2
.venv/bin/pyrsa-decrypt
.venv/bin/pyrsa-encrypt
.venv/bin/pyrsa-keygen
.venv/bin/pyrsa-priv2pub
.venv/bin/pyrsa-sign
.venv/bin/pyrsa-verify
.venv/bin/python -> python3.11
.venv/bin/python3 -> python3.11
.venv/bin/python3.11 -> /Library/Frameworks/Python.framework/Versions/3.11/bin/python3.11
.venv/bin/uvicorn
.venv/bin/watchfiles
.venv/bin/websockets
.venv/bin/__pycache__/
.venv/include/
.venv/include/python3.11/
.venv/lib/
.venv/lib/python3.11/
.venv/lib/python3.11/site-packages/
.venv/lib/python3.11/site-packages/_cffi_backend.cpython-311-darwin.so
.venv/lib/python3.11/site-packages/distutils-precedence.pth
.venv/lib/python3.11/site-packages/docopt.py
.venv/lib/python3.11/site-packages/six.py
.venv/lib/python3.11/site-packages/typing_extensions.py
.venv/lib/python3.11/site-packages/PIL/
.venv/lib/python3.11/site-packages/PIL/AvifImagePlugin.py
.venv/lib/python3.11/site-packages/PIL/BdfFontFile.py
.venv/lib/python3.11/site-packages/PIL/BlpImagePlugin.py
.venv/lib/python3.11/site-packages/PIL/BmpImagePlugin.py
.venv/lib/python3.11/site-packages/PIL/BufrStubImagePlugin.py
.venv/lib/python3.11/site-packages/PIL/ContainerIO.py
.venv/lib/python3.11/site-packages/PIL/CurImagePlugin.py
.venv/lib/python3.11/site-packages/PIL/DcxImagePlugin.py
.venv/lib/python3.11/site-packages/PIL/DdsImagePlugin.py
.venv/lib/python3.11/site-packages/PIL/EpsImagePlugin.py
.venv/lib/python3.11/site-packages/PIL/ExifTags.py
.venv/lib/python3.11/site-packages/PIL/FitsImagePlugin.py
.venv/lib/python3.11/site-packages/PIL/FliImagePlugin.py
.venv/lib/python3.11/site-packages/PIL/FontFile.py
.venv/lib/python3.11/site-packages/PIL/FpxImagePlugin.py
.venv/lib/python3.11/site-packages/PIL/FtexImagePlugin.py
.venv/lib/python3.11/site-packages/PIL/GbrImagePlugin.py
.venv/lib/python3.11/site-packages/PIL/GdImageFile.py
.venv/lib/python3.11/site-packages/PIL/GifImagePlugin.py
.venv/lib/python3.11/site-packages/PIL/GimpGradientFile.py
.venv/lib/python3.11/site-packages/PIL/GimpPaletteFile.py
.venv/lib/python3.11/site-packages/PIL/GribStubImagePlugin.py
.venv/lib/python3.11/site-packages/PIL/Hdf5StubImagePlugin.py
.venv/lib/python3.11/site-packages/PIL/IcnsImagePlugin.py
.venv/lib/python3.11/site-packages/PIL/IcoImagePlugin.py
.venv/lib/python3.11/site-packages/PIL/ImImagePlugin.py
.venv/lib/python3.11/site-packages/PIL/Image.py
.venv/lib/python3.11/site-packages/PIL/ImageChops.py
.venv/lib/python3.11/site-packages/PIL/ImageCms.py
.venv/lib/python3.11/site-packages/PIL/ImageColor.py
.venv/lib/python3.11/site-packages/PIL/ImageDraw.py
.venv/lib/python3.11/site-packages/PIL/ImageDraw2.py
.venv/lib/python3.11/site-packages/PIL/ImageEnhance.py
.venv/lib/python3.11/site-packages/PIL/ImageFile.py
.venv/lib/python3.11/site-packages/PIL/ImageFilter.py
.venv/lib/python3.11/site-packages/PIL/ImageFont.py
.venv/lib/python3.11/site-packages/PIL/ImageGrab.py
.venv/lib/python3.11/site-packages/PIL/ImageMath.py
.venv/lib/python3.11/site-packages/PIL/ImageMode.py
.venv/lib/python3.11/site-packages/PIL/ImageMorph.py
.venv/lib/python3.11/site-packages/PIL/ImageOps.py
.venv/lib/python3.11/site-packages/PIL/ImagePalette.py
.venv/lib/python3.11/site-packages/PIL/ImagePath.py
.venv/lib/python3.11/site-packages/PIL/ImageQt.py
.venv/lib/python3.11/site-packages/PIL/ImageSequence.py
.venv/lib/python3.11/site-packages/PIL/ImageShow.py
.venv/lib/python3.11/site-packages/PIL/ImageStat.py
.venv/lib/python3.11/site-packages/PIL/ImageText.py
.venv/lib/python3.11/site-packages/PIL/ImageTk.py
.venv/lib/python3.11/site-packages/PIL/ImageTransform.py
.venv/lib/python3.11/site-packages/PIL/ImageWin.py
.venv/lib/python3.11/site-packages/PIL/ImtImagePlugin.py
.venv/lib/python3.11/site-packages/PIL/IptcImagePlugin.py
.venv/lib/python3.11/site-packages/PIL/Jpeg2KImagePlugin.py
.venv/lib/python3.11/site-packages/PIL/JpegImagePlugin.py
.venv/lib/python3.11/site-packages/PIL/JpegPresets.py
.venv/lib/python3.11/site-packages/PIL/McIdasImagePlugin.py
.venv/lib/python3.11/site-packages/PIL/MicImagePlugin.py
.venv/lib/python3.11/site-packages/PIL/MpegImagePlugin.py
.venv/lib/python3.11/site-packages/PIL/MpoImagePlugin.py
.venv/lib/python3.11/site-packages/PIL/MspImagePlugin.py
.venv/lib/python3.11/site-packages/PIL/PSDraw.py
.venv/lib/python3.11/site-packages/PIL/PaletteFile.py
.venv/lib/python3.11/site-packages/PIL/PalmImagePlugin.py
.venv/lib/python3.11/site-packages/PIL/PcdImagePlugin.py
.venv/lib/python3.11/site-packages/PIL/PcfFontFile.py
.venv/lib/python3.11/site-packages/PIL/PcxImagePlugin.py
.venv/lib/python3.11/site-packages/PIL/PdfImagePlugin.py
.venv/lib/python3.11/site-packages/PIL/PdfParser.py
.venv/lib/python3.11/site-packages/PIL/PixarImagePlugin.py
.venv/lib/python3.11/site-packages/PIL/PngImagePlugin.py
.venv/lib/python3.11/site-packages/PIL/PpmImagePlugin.py
.venv/lib/python3.11/site-packages/PIL/PsdImagePlugin.py
.venv/lib/python3.11/site-packages/PIL/QoiImagePlugin.py
.venv/lib/python3.11/site-packages/PIL/SgiImagePlugin.py
.venv/lib/python3.11/site-packages/PIL/SpiderImagePlugin.py
.venv/lib/python3.11/site-packages/PIL/SunImagePlugin.py
.venv/lib/python3.11/site-packages/PIL/TarIO.py
.venv/lib/python3.11/site-packages/PIL/TgaImagePlugin.py
.venv/lib/python3.11/site-packages/PIL/TiffImagePlugin.py
.venv/lib/python3.11/site-packages/PIL/TiffTags.py
.venv/lib/python3.11/site-packages/PIL/WalImageFile.py
.venv/lib/python3.11/site-packages/PIL/WebPImagePlugin.py
.venv/lib/python3.11/site-packages/PIL/WmfImagePlugin.py
.venv/lib/python3.11/site-packages/PIL/XVThumbImagePlugin.py
.venv/lib/python3.11/site-packages/PIL/XbmImagePlugin.py
.venv/lib/python3.11/site-packages/PIL/XpmImagePlugin.py
.venv/lib/python3.11/site-packages/PIL/__init__.py
.venv/lib/python3.11/site-packages/PIL/__main__.py
.venv/lib/python3.11/site-packages/PIL/_avif.cpython-311-darwin.so
.venv/lib/python3.11/site-packages/PIL/_avif.pyi
.venv/lib/python3.11/site-packages/PIL/_binary.py
.venv/lib/python3.11/site-packages/PIL/_deprecate.py
.venv/lib/python3.11/site-packages/PIL/_imaging.cpython-311-darwin.so
.venv/lib/python3.11/site-packages/PIL/_imaging.pyi
.venv/lib/python3.11/site-packages/PIL/_imagingcms.cpython-311-darwin.so
.venv/lib/python3.11/site-packages/PIL/_imagingcms.pyi
.venv/lib/python3.11/site-packages/PIL/_imagingft.cpython-311-darwin.so
.venv/lib/python3.11/site-packages/PIL/_imagingft.pyi
.venv/lib/python3.11/site-packages/PIL/_imagingmath.cpython-311-darwin.so
.venv/lib/python3.11/site-packages/PIL/_imagingmath.pyi
.venv/lib/python3.11/site-packages/PIL/_imagingmorph.cpython-311-darwin.so
.venv/lib/python3.11/site-packages/PIL/_imagingmorph.pyi
.venv/lib/python3.11/site-packages/PIL/_imagingtk.cpython-311-darwin.so
.venv/lib/python3.11/site-packages/PIL/_imagingtk.pyi
.venv/lib/python3.11/site-packages/PIL/_tkinter_finder.py
.venv/lib/python3.11/site-packages/PIL/_typing.py
.venv/lib/python3.11/site-packages/PIL/_util.py
.venv/lib/python3.11/site-packages/PIL/_version.py
.venv/lib/python3.11/site-packages/PIL/_webp.cpython-311-darwin.so
.venv/lib/python3.11/site-packages/PIL/_webp.pyi
.venv/lib/python3.11/site-packages/PIL/features.py
.venv/lib/python3.11/site-packages/PIL/py.typed
.venv/lib/python3.11/site-packages/PIL/report.py
.venv/lib/python3.11/site-packages/PIL/.dylibs/
.venv/lib/python3.11/site-packages/PIL/.dylibs/libXau.6.dylib
.venv/lib/python3.11/site-packages/PIL/.dylibs/libavif.16.3.0.dylib
.venv/lib/python3.11/site-packages/PIL/.dylibs/libbrotlicommon.1.2.0.dylib
.venv/lib/python3.11/site-packages/PIL/.dylibs/libbrotlidec.1.2.0.dylib
.venv/lib/python3.11/site-packages/PIL/.dylibs/libfreetype.6.dylib
.venv/lib/python3.11/site-packages/PIL/.dylibs/libharfbuzz.0.dylib
.venv/lib/python3.11/site-packages/PIL/.dylibs/libjpeg.62.4.0.dylib
.venv/lib/python3.11/site-packages/PIL/.dylibs/liblcms2.2.dylib
.venv/lib/python3.11/site-packages/PIL/.dylibs/liblzma.5.dylib
.venv/lib/python3.11/site-packages/PIL/.dylibs/libopenjp2.2.5.4.dylib
.venv/lib/python3.11/site-packages/PIL/.dylibs/libpng16.16.dylib
.venv/lib/python3.11/site-packages/PIL/.dylibs/libsharpyuv.0.dylib
.venv/lib/python3.11/site-packages/PIL/.dylibs/libtiff.6.dylib
.venv/lib/python3.11/site-packages/PIL/.dylibs/libwebp.7.dylib
.venv/lib/python3.11/site-packages/PIL/.dylibs/libwebpdemux.2.dylib
.venv/lib/python3.11/site-packages/PIL/.dylibs/libwebpmux.3.dylib
.venv/lib/python3.11/site-packages/PIL/.dylibs/libxcb.1.1.0.dylib
.venv/lib/python3.11/site-packages/PIL/.dylibs/libz.1.3.1.zlib-ng.dylib
.venv/lib/python3.11/site-packages/PIL/__pycache__/
.venv/lib/python3.11/site-packages/__pycache__/
.venv/lib/python3.11/site-packages/_distutils_hack/
.venv/lib/python3.11/site-packages/_distutils_hack/__init__.py
.venv/lib/python3.11/site-packages/_distutils_hack/override.py
.venv/lib/python3.11/site-packages/_distutils_hack/__pycache__/
.venv/lib/python3.11/site-packages/_distutils_hack/__pycache__/__init__.cpython-311.pyc
.venv/lib/python3.11/site-packages/_yaml/
.venv/lib/python3.11/site-packages/_yaml/__init__.py
.venv/lib/python3.11/site-packages/_yaml/__pycache__/
.venv/lib/python3.11/site-packages/annotated_doc-0.0.4.dist-info/
.venv/lib/python3.11/site-packages/annotated_doc-0.0.4.dist-info/INSTALLER
.venv/lib/python3.11/site-packages/annotated_doc-0.0.4.dist-info/METADATA
.venv/lib/python3.11/site-packages/annotated_doc-0.0.4.dist-info/RECORD
.venv/lib/python3.11/site-packages/annotated_doc-0.0.4.dist-info/REQUESTED
.venv/lib/python3.11/site-packages/annotated_doc-0.0.4.dist-info/WHEEL
.venv/lib/python3.11/site-packages/annotated_doc-0.0.4.dist-info/entry_points.txt
.venv/lib/python3.11/site-packages/annotated_doc-0.0.4.dist-info/licenses/
.venv/lib/python3.11/site-packages/annotated_doc-0.0.4.dist-info/licenses/LICENSE
.venv/lib/python3.11/site-packages/annotated_doc/
.venv/lib/python3.11/site-packages/annotated_doc/__init__.py
.venv/lib/python3.11/site-packages/annotated_doc/main.py
.venv/lib/python3.11/site-packages/annotated_doc/py.typed
.venv/lib/python3.11/site-packages/annotated_doc/__pycache__/
.venv/lib/python3.11/site-packages/annotated_types-0.7.0.dist-info/
.venv/lib/python3.11/site-packages/annotated_types-0.7.0.dist-info/INSTALLER
.venv/lib/python3.11/site-packages/annotated_types-0.7.0.dist-info/METADATA
.venv/lib/python3.11/site-packages/annotated_types-0.7.0.dist-info/RECORD
.venv/lib/python3.11/site-packages/annotated_types-0.7.0.dist-info/REQUESTED
.venv/lib/python3.11/site-packages/annotated_types-0.7.0.dist-info/WHEEL
.venv/lib/python3.11/site-packages/annotated_types-0.7.0.dist-info/licenses/
.venv/lib/python3.11/site-packages/annotated_types-0.7.0.dist-info/licenses/LICENSE
.venv/lib/python3.11/site-packages/annotated_types/
.venv/lib/python3.11/site-packages/annotated_types/__init__.py
.venv/lib/python3.11/site-packages/annotated_types/py.typed
.venv/lib/python3.11/site-packages/annotated_types/test_cases.py
.venv/lib/python3.11/site-packages/annotated_types/__pycache__/
.venv/lib/python3.11/site-packages/anyio-4.12.1.dist-info/
.venv/lib/python3.11/site-packages/anyio-4.12.1.dist-info/INSTALLER
.venv/lib/python3.11/site-packages/anyio-4.12.1.dist-info/METADATA
.venv/lib/python3.11/site-packages/anyio-4.12.1.dist-info/RECORD
.venv/lib/python3.11/site-packages/anyio-4.12.1.dist-info/REQUESTED
.venv/lib/python3.11/site-packages/anyio-4.12.1.dist-info/WHEEL
.venv/lib/python3.11/site-packages/anyio-4.12.1.dist-info/entry_points.txt
.venv/lib/python3.11/site-packages/anyio-4.12.1.dist-info/top_level.txt
.venv/lib/python3.11/site-packages/anyio-4.12.1.dist-info/licenses/
.venv/lib/python3.11/site-packages/anyio-4.12.1.dist-info/licenses/LICENSE
.venv/lib/python3.11/site-packages/anyio/
.venv/lib/python3.11/site-packages/anyio/__init__.py
.venv/lib/python3.11/site-packages/anyio/from_thread.py
.venv/lib/python3.11/site-packages/anyio/functools.py
.venv/lib/python3.11/site-packages/anyio/lowlevel.py
.venv/lib/python3.11/site-packages/anyio/py.typed
.venv/lib/python3.11/site-packages/anyio/pytest_plugin.py
.venv/lib/python3.11/site-packages/anyio/to_interpreter.py
.venv/lib/python3.11/site-packages/anyio/to_process.py
.venv/lib/python3.11/site-packages/anyio/to_thread.py
.venv/lib/python3.11/site-packages/anyio/__pycache__/
.venv/lib/python3.11/site-packages/anyio/_backends/
.venv/lib/python3.11/site-packages/anyio/_backends/__init__.py
.venv/lib/python3.11/site-packages/anyio/_backends/_asyncio.py
.venv/lib/python3.11/site-packages/anyio/_backends/_trio.py
.venv/lib/python3.11/site-packages/anyio/_backends/__pycache__/
.venv/lib/python3.11/site-packages/anyio/_core/
.venv/lib/python3.11/site-packages/anyio/_core/__init__.py
.venv/lib/python3.11/site-packages/anyio/_core/_asyncio_selector_thread.py
.venv/lib/python3.11/site-packages/anyio/_core/_contextmanagers.py
.venv/lib/python3.11/site-packages/anyio/_core/_eventloop.py
.venv/lib/python3.11/site-packages/anyio/_core/_exceptions.py
.venv/lib/python3.11/site-packages/anyio/_core/_fileio.py
.venv/lib/python3.11/site-packages/anyio/_core/_resources.py
.venv/lib/python3.11/site-packages/anyio/_core/_signals.py
.venv/lib/python3.11/site-packages/anyio/_core/_sockets.py
.venv/lib/python3.11/site-packages/anyio/_core/_streams.py
.venv/lib/python3.11/site-packages/anyio/_core/_subprocesses.py
.venv/lib/python3.11/site-packages/anyio/_core/_synchronization.py
.venv/lib/python3.11/site-packages/anyio/_core/_tasks.py
.venv/lib/python3.11/site-packages/anyio/_core/_tempfile.py
.venv/lib/python3.11/site-packages/anyio/_core/_testing.py
.venv/lib/python3.11/site-packages/anyio/_core/_typedattr.py
.venv/lib/python3.11/site-packages/anyio/_core/__pycache__/
.venv/lib/python3.11/site-packages/anyio/abc/
.venv/lib/python3.11/site-packages/anyio/abc/__init__.py
.venv/lib/python3.11/site-packages/anyio/abc/_eventloop.py
.venv/lib/python3.11/site-packages/anyio/abc/_resources.py
.venv/lib/python3.11/site-packages/anyio/abc/_sockets.py
.venv/lib/python3.11/site-packages/anyio/abc/_streams.py
.venv/lib/python3.11/site-packages/anyio/abc/_subprocesses.py
.venv/lib/python3.11/site-packages/anyio/abc/_tasks.py
.venv/lib/python3.11/site-packages/anyio/abc/_testing.py
.venv/lib/python3.11/site-packages/anyio/abc/__pycache__/
.venv/lib/python3.11/site-packages/anyio/streams/
.venv/lib/python3.11/site-packages/anyio/streams/__init__.py
.venv/lib/python3.11/site-packages/anyio/streams/buffered.py
.venv/lib/python3.11/site-packages/anyio/streams/file.py
.venv/lib/python3.11/site-packages/anyio/streams/memory.py
.venv/lib/python3.11/site-packages/anyio/streams/stapled.py
.venv/lib/python3.11/site-packages/anyio/streams/text.py
.venv/lib/python3.11/site-packages/anyio/streams/tls.py
.venv/lib/python3.11/site-packages/anyio/streams/__pycache__/
.venv/lib/python3.11/site-packages/bcrypt-4.0.1.dist-info/
.venv/lib/python3.11/site-packages/bcrypt-4.0.1.dist-info/INSTALLER
.venv/lib/python3.11/site-packages/bcrypt-4.0.1.dist-info/LICENSE
.venv/lib/python3.11/site-packages/bcrypt-4.0.1.dist-info/METADATA
.venv/lib/python3.11/site-packages/bcrypt-4.0.1.dist-info/RECORD
.venv/lib/python3.11/site-packages/bcrypt-4.0.1.dist-info/REQUESTED
.venv/lib/python3.11/site-packages/bcrypt-4.0.1.dist-info/WHEEL
.venv/lib/python3.11/site-packages/bcrypt-4.0.1.dist-info/top_level.txt
.venv/lib/python3.11/site-packages/bcrypt/
.venv/lib/python3.11/site-packages/bcrypt/__about__.py
.venv/lib/python3.11/site-packages/bcrypt/__init__.py
.venv/lib/python3.11/site-packages/bcrypt/_bcrypt.abi3.so
.venv/lib/python3.11/site-packages/bcrypt/_bcrypt.pyi
.venv/lib/python3.11/site-packages/bcrypt/py.typed
.venv/lib/python3.11/site-packages/bcrypt/__pycache__/
.venv/lib/python3.11/site-packages/certifi-2026.1.4.dist-info/
.venv/lib/python3.11/site-packages/certifi-2026.1.4.dist-info/INSTALLER
.venv/lib/python3.11/site-packages/certifi-2026.1.4.dist-info/METADATA
.venv/lib/python3.11/site-packages/certifi-2026.1.4.dist-info/RECORD
.venv/lib/python3.11/site-packages/certifi-2026.1.4.dist-info/REQUESTED
.venv/lib/python3.11/site-packages/certifi-2026.1.4.dist-info/WHEEL
.venv/lib/python3.11/site-packages/certifi-2026.1.4.dist-info/top_level.txt
.venv/lib/python3.11/site-packages/certifi-2026.1.4.dist-info/licenses/
.venv/lib/python3.11/site-packages/certifi-2026.1.4.dist-info/licenses/LICENSE
.venv/lib/python3.11/site-packages/certifi/
.venv/lib/python3.11/site-packages/certifi/__init__.py
.venv/lib/python3.11/site-packages/certifi/__main__.py
.venv/lib/python3.11/site-packages/certifi/cacert.pem
.venv/lib/python3.11/site-packages/certifi/core.py
.venv/lib/python3.11/site-packages/certifi/py.typed
.venv/lib/python3.11/site-packages/certifi/__pycache__/
.venv/lib/python3.11/site-packages/cffi-2.0.0.dist-info/
.venv/lib/python3.11/site-packages/cffi-2.0.0.dist-info/INSTALLER
.venv/lib/python3.11/site-packages/cffi-2.0.0.dist-info/METADATA
.venv/lib/python3.11/site-packages/cffi-2.0.0.dist-info/RECORD
.venv/lib/python3.11/site-packages/cffi-2.0.0.dist-info/WHEEL
.venv/lib/python3.11/site-packages/cffi-2.0.0.dist-info/entry_points.txt
.venv/lib/python3.11/site-packages/cffi-2.0.0.dist-info/top_level.txt
.venv/lib/python3.11/site-packages/cffi-2.0.0.dist-info/licenses/
.venv/lib/python3.11/site-packages/cffi-2.0.0.dist-info/licenses/AUTHORS
.venv/lib/python3.11/site-packages/cffi-2.0.0.dist-info/licenses/LICENSE
.venv/lib/python3.11/site-packages/cffi/
.venv/lib/python3.11/site-packages/cffi/__init__.py
.venv/lib/python3.11/site-packages/cffi/_cffi_errors.h
.venv/lib/python3.11/site-packages/cffi/_cffi_include.h
.venv/lib/python3.11/site-packages/cffi/_embedding.h
.venv/lib/python3.11/site-packages/cffi/_imp_emulation.py
.venv/lib/python3.11/site-packages/cffi/_shimmed_dist_utils.py
.venv/lib/python3.11/site-packages/cffi/api.py
.venv/lib/python3.11/site-packages/cffi/backend_ctypes.py
.venv/lib/python3.11/site-packages/cffi/cffi_opcode.py
.venv/lib/python3.11/site-packages/cffi/commontypes.py
.venv/lib/python3.11/site-packages/cffi/cparser.py
.venv/lib/python3.11/site-packages/cffi/error.py
.venv/lib/python3.11/site-packages/cffi/ffiplatform.py
.venv/lib/python3.11/site-packages/cffi/lock.py
.venv/lib/python3.11/site-packages/cffi/model.py
.venv/lib/python3.11/site-packages/cffi/parse_c_type.h
.venv/lib/python3.11/site-packages/cffi/pkgconfig.py
.venv/lib/python3.11/site-packages/cffi/recompiler.py
.venv/lib/python3.11/site-packages/cffi/setuptools_ext.py
.venv/lib/python3.11/site-packages/cffi/vengine_cpy.py
.venv/lib/python3.11/site-packages/cffi/vengine_gen.py
.venv/lib/python3.11/site-packages/cffi/verifier.py
.venv/lib/python3.11/site-packages/cffi/__pycache__/
.venv/lib/python3.11/site-packages/charset_normalizer-3.4.4.dist-info/
.venv/lib/python3.11/site-packages/charset_normalizer-3.4.4.dist-info/INSTALLER
.venv/lib/python3.11/site-packages/charset_normalizer-3.4.4.dist-info/METADATA
.venv/lib/python3.11/site-packages/charset_normalizer-3.4.4.dist-info/RECORD
.venv/lib/python3.11/site-packages/charset_normalizer-3.4.4.dist-info/REQUESTED
.venv/lib/python3.11/site-packages/charset_normalizer-3.4.4.dist-info/WHEEL
.venv/lib/python3.11/site-packages/charset_normalizer-3.4.4.dist-info/entry_points.txt
.venv/lib/python3.11/site-packages/charset_normalizer-3.4.4.dist-info/top_level.txt
.venv/lib/python3.11/site-packages/charset_normalizer-3.4.4.dist-info/licenses/
.venv/lib/python3.11/site-packages/charset_normalizer-3.4.4.dist-info/licenses/LICENSE
.venv/lib/python3.11/site-packages/charset_normalizer/
.venv/lib/python3.11/site-packages/charset_normalizer/__init__.py
.venv/lib/python3.11/site-packages/charset_normalizer/__main__.py
.venv/lib/python3.11/site-packages/charset_normalizer/api.py
.venv/lib/python3.11/site-packages/charset_normalizer/cd.py
.venv/lib/python3.11/site-packages/charset_normalizer/constant.py
.venv/lib/python3.11/site-packages/charset_normalizer/legacy.py
.venv/lib/python3.11/site-packages/charset_normalizer/md.cpython-311-darwin.so
.venv/lib/python3.11/site-packages/charset_normalizer/md.py
.venv/lib/python3.11/site-packages/charset_normalizer/md__mypyc.cpython-311-darwin.so
.venv/lib/python3.11/site-packages/charset_normalizer/models.py
.venv/lib/python3.11/site-packages/charset_normalizer/py.typed
.venv/lib/python3.11/site-packages/charset_normalizer/utils.py
.venv/lib/python3.11/site-packages/charset_normalizer/version.py
.venv/lib/python3.11/site-packages/charset_normalizer/__pycache__/
.venv/lib/python3.11/site-packages/charset_normalizer/cli/
.venv/lib/python3.11/site-packages/charset_normalizer/cli/__init__.py
.venv/lib/python3.11/site-packages/charset_normalizer/cli/__main__.py
.venv/lib/python3.11/site-packages/charset_normalizer/cli/__pycache__/
.venv/lib/python3.11/site-packages/click-8.3.1.dist-info/
.venv/lib/python3.11/site-packages/click-8.3.1.dist-info/INSTALLER
.venv/lib/python3.11/site-packages/click-8.3.1.dist-info/METADATA
.venv/lib/python3.11/site-packages/click-8.3.1.dist-info/RECORD
.venv/lib/python3.11/site-packages/click-8.3.1.dist-info/REQUESTED
.venv/lib/python3.11/site-packages/click-8.3.1.dist-info/WHEEL
.venv/lib/python3.11/site-packages/click-8.3.1.dist-info/licenses/
.venv/lib/python3.11/site-packages/click-8.3.1.dist-info/licenses/LICENSE.txt
.venv/lib/python3.11/site-packages/click/
.venv/lib/python3.11/site-packages/click/__init__.py
.venv/lib/python3.11/site-packages/click/_compat.py
.venv/lib/python3.11/site-packages/click/_termui_impl.py
.venv/lib/python3.11/site-packages/click/_textwrap.py
.venv/lib/python3.11/site-packages/click/_utils.py
.venv/lib/python3.11/site-packages/click/_winconsole.py
.venv/lib/python3.11/site-packages/click/core.py
.venv/lib/python3.11/site-packages/click/decorators.py
.venv/lib/python3.11/site-packages/click/exceptions.py
.venv/lib/python3.11/site-packages/click/formatting.py
.venv/lib/python3.11/site-packages/click/globals.py
.venv/lib/python3.11/site-packages/click/parser.py
.venv/lib/python3.11/site-packages/click/py.typed
.venv/lib/python3.11/site-packages/click/shell_completion.py
.venv/lib/python3.11/site-packages/click/termui.py
.venv/lib/python3.11/site-packages/click/testing.py
.venv/lib/python3.11/site-packages/click/types.py
.venv/lib/python3.11/site-packages/click/utils.py
.venv/lib/python3.11/site-packages/click/__pycache__/
.venv/lib/python3.11/site-packages/cryptography-46.0.5.dist-info/
.venv/lib/python3.11/site-packages/cryptography-46.0.5.dist-info/INSTALLER
.venv/lib/python3.11/site-packages/cryptography-46.0.5.dist-info/METADATA
.venv/lib/python3.11/site-packages/cryptography-46.0.5.dist-info/RECORD
.venv/lib/python3.11/site-packages/cryptography-46.0.5.dist-info/WHEEL
.venv/lib/python3.11/site-packages/cryptography-46.0.5.dist-info/licenses/
.venv/lib/python3.11/site-packages/cryptography-46.0.5.dist-info/licenses/LICENSE
.venv/lib/python3.11/site-packages/cryptography-46.0.5.dist-info/licenses/LICENSE.APACHE
.venv/lib/python3.11/site-packages/cryptography-46.0.5.dist-info/licenses/LICENSE.BSD
.venv/lib/python3.11/site-packages/cryptography/
.venv/lib/python3.11/site-packages/cryptography/__about__.py
.venv/lib/python3.11/site-packages/cryptography/__init__.py
.venv/lib/python3.11/site-packages/cryptography/exceptions.py
.venv/lib/python3.11/site-packages/cryptography/fernet.py
.venv/lib/python3.11/site-packages/cryptography/py.typed
.venv/lib/python3.11/site-packages/cryptography/utils.py
.venv/lib/python3.11/site-packages/cryptography/__pycache__/
.venv/lib/python3.11/site-packages/cryptography/hazmat/
.venv/lib/python3.11/site-packages/cryptography/hazmat/__init__.py
.venv/lib/python3.11/site-packages/cryptography/hazmat/_oid.py
.venv/lib/python3.11/site-packages/cryptography/hazmat/__pycache__/
.venv/lib/python3.11/site-packages/cryptography/hazmat/asn1/
.venv/lib/python3.11/site-packages/cryptography/hazmat/asn1/__init__.py
.venv/lib/python3.11/site-packages/cryptography/hazmat/asn1/asn1.py
.venv/lib/python3.11/site-packages/cryptography/hazmat/asn1/__pycache__/
.venv/lib/python3.11/site-packages/cryptography/hazmat/backends/
.venv/lib/python3.11/site-packages/cryptography/hazmat/backends/__init__.py
.venv/lib/python3.11/site-packages/cryptography/hazmat/backends/__pycache__/
.venv/lib/python3.11/site-packages/cryptography/hazmat/backends/openssl/
.venv/lib/python3.11/site-packages/cryptography/hazmat/backends/openssl/__init__.py
.venv/lib/python3.11/site-packages/cryptography/hazmat/backends/openssl/backend.py
.venv/lib/python3.11/site-packages/cryptography/hazmat/backends/openssl/__pycache__/
.venv/lib/python3.11/site-packages/cryptography/hazmat/bindings/
.venv/lib/python3.11/site-packages/cryptography/hazmat/bindings/__init__.py
.venv/lib/python3.11/site-packages/cryptography/hazmat/bindings/_rust.abi3.so
.venv/lib/python3.11/site-packages/cryptography/hazmat/bindings/__pycache__/
.venv/lib/python3.11/site-packages/cryptography/hazmat/bindings/_rust/
.venv/lib/python3.11/site-packages/cryptography/hazmat/bindings/_rust/__init__.pyi
.venv/lib/python3.11/site-packages/cryptography/hazmat/bindings/_rust/_openssl.pyi
.venv/lib/python3.11/site-packages/cryptography/hazmat/bindings/_rust/asn1.pyi
.venv/lib/python3.11/site-packages/cryptography/hazmat/bindings/_rust/declarative_asn1.pyi
.venv/lib/python3.11/site-packages/cryptography/hazmat/bindings/_rust/exceptions.pyi
.venv/lib/python3.11/site-packages/cryptography/hazmat/bindings/_rust/ocsp.pyi
.venv/lib/python3.11/site-packages/cryptography/hazmat/bindings/_rust/pkcs12.pyi
.venv/lib/python3.11/site-packages/cryptography/hazmat/bindings/_rust/pkcs7.pyi
.venv/lib/python3.11/site-packages/cryptography/hazmat/bindings/_rust/test_support.pyi
.venv/lib/python3.11/site-packages/cryptography/hazmat/bindings/_rust/x509.pyi
.venv/lib/python3.11/site-packages/cryptography/hazmat/bindings/_rust/openssl/
.venv/lib/python3.11/site-packages/cryptography/hazmat/bindings/_rust/openssl/__init__.pyi
.venv/lib/python3.11/site-packages/cryptography/hazmat/bindings/_rust/openssl/aead.pyi
.venv/lib/python3.11/site-packages/cryptography/hazmat/bindings/_rust/openssl/ciphers.pyi
.venv/lib/python3.11/site-packages/cryptography/hazmat/bindings/_rust/openssl/cmac.pyi
.venv/lib/python3.11/site-packages/cryptography/hazmat/bindings/_rust/openssl/dh.pyi
.venv/lib/python3.11/site-packages/cryptography/hazmat/bindings/_rust/openssl/dsa.pyi
.venv/lib/python3.11/site-packages/cryptography/hazmat/bindings/_rust/openssl/ec.pyi
.venv/lib/python3.11/site-packages/cryptography/hazmat/bindings/_rust/openssl/ed25519.pyi
.venv/lib/python3.11/site-packages/cryptography/hazmat/bindings/_rust/openssl/ed448.pyi
.venv/lib/python3.11/site-packages/cryptography/hazmat/bindings/_rust/openssl/hashes.pyi
.venv/lib/python3.11/site-packages/cryptography/hazmat/bindings/_rust/openssl/hmac.pyi
.venv/lib/python3.11/site-packages/cryptography/hazmat/bindings/_rust/openssl/kdf.pyi
.venv/lib/python3.11/site-packages/cryptography/hazmat/bindings/_rust/openssl/keys.pyi
.venv/lib/python3.11/site-packages/cryptography/hazmat/bindings/_rust/openssl/poly1305.pyi
.venv/lib/python3.11/site-packages/cryptography/hazmat/bindings/_rust/openssl/rsa.pyi
.venv/lib/python3.11/site-packages/cryptography/hazmat/bindings/_rust/openssl/x25519.pyi
.venv/lib/python3.11/site-packages/cryptography/hazmat/bindings/_rust/openssl/x448.pyi
.venv/lib/python3.11/site-packages/cryptography/hazmat/bindings/openssl/
.venv/lib/python3.11/site-packages/cryptography/hazmat/bindings/openssl/__init__.py
.venv/lib/python3.11/site-packages/cryptography/hazmat/bindings/openssl/_conditional.py
.venv/lib/python3.11/site-packages/cryptography/hazmat/bindings/openssl/binding.py
.venv/lib/python3.11/site-packages/cryptography/hazmat/bindings/openssl/__pycache__/
.venv/lib/python3.11/site-packages/cryptography/hazmat/decrepit/
.venv/lib/python3.11/site-packages/cryptography/hazmat/decrepit/__init__.py
.venv/lib/python3.11/site-packages/cryptography/hazmat/decrepit/__pycache__/
.venv/lib/python3.11/site-packages/cryptography/hazmat/decrepit/ciphers/
.venv/lib/python3.11/site-packages/cryptography/hazmat/decrepit/ciphers/__init__.py
.venv/lib/python3.11/site-packages/cryptography/hazmat/decrepit/ciphers/algorithms.py
.venv/lib/python3.11/site-packages/cryptography/hazmat/decrepit/ciphers/__pycache__/
.venv/lib/python3.11/site-packages/cryptography/hazmat/primitives/
.venv/lib/python3.11/site-packages/cryptography/hazmat/primitives/__init__.py
.venv/lib/python3.11/site-packages/cryptography/hazmat/primitives/_asymmetric.py
.venv/lib/python3.11/site-packages/cryptography/hazmat/primitives/_cipheralgorithm.py
.venv/lib/python3.11/site-packages/cryptography/hazmat/primitives/_serialization.py
.venv/lib/python3.11/site-packages/cryptography/hazmat/primitives/cmac.py
.venv/lib/python3.11/site-packages/cryptography/hazmat/primitives/constant_time.py
.venv/lib/python3.11/site-packages/cryptography/hazmat/primitives/hashes.py
.venv/lib/python3.11/site-packages/cryptography/hazmat/primitives/hmac.py
.venv/lib/python3.11/site-packages/cryptography/hazmat/primitives/keywrap.py
.venv/lib/python3.11/site-packages/cryptography/hazmat/primitives/padding.py
.venv/lib/python3.11/site-packages/cryptography/hazmat/primitives/poly1305.py
.venv/lib/python3.11/site-packages/cryptography/hazmat/primitives/__pycache__/
.venv/lib/python3.11/site-packages/cryptography/hazmat/primitives/asymmetric/
.venv/lib/python3.11/site-packages/cryptography/hazmat/primitives/asymmetric/__init__.py
.venv/lib/python3.11/site-packages/cryptography/hazmat/primitives/asymmetric/dh.py
.venv/lib/python3.11/site-packages/cryptography/hazmat/primitives/asymmetric/dsa.py
.venv/lib/python3.11/site-packages/cryptography/hazmat/primitives/asymmetric/ec.py
.venv/lib/python3.11/site-packages/cryptography/hazmat/primitives/asymmetric/ed25519.py
.venv/lib/python3.11/site-packages/cryptography/hazmat/primitives/asymmetric/ed448.py
.venv/lib/python3.11/site-packages/cryptography/hazmat/primitives/asymmetric/padding.py
.venv/lib/python3.11/site-packages/cryptography/hazmat/primitives/asymmetric/rsa.py
.venv/lib/python3.11/site-packages/cryptography/hazmat/primitives/asymmetric/types.py
.venv/lib/python3.11/site-packages/cryptography/hazmat/primitives/asymmetric/utils.py
.venv/lib/python3.11/site-packages/cryptography/hazmat/primitives/asymmetric/x25519.py
.venv/lib/python3.11/site-packages/cryptography/hazmat/primitives/asymmetric/x448.py
.venv/lib/python3.11/site-packages/cryptography/hazmat/primitives/asymmetric/__pycache__/
.venv/lib/python3.11/site-packages/cryptography/hazmat/primitives/ciphers/
.venv/lib/python3.11/site-packages/cryptography/hazmat/primitives/ciphers/__init__.py
.venv/lib/python3.11/site-packages/cryptography/hazmat/primitives/ciphers/aead.py
.venv/lib/python3.11/site-packages/cryptography/hazmat/primitives/ciphers/algorithms.py
.venv/lib/python3.11/site-packages/cryptography/hazmat/primitives/ciphers/base.py
.venv/lib/python3.11/site-packages/cryptography/hazmat/primitives/ciphers/modes.py
.venv/lib/python3.11/site-packages/cryptography/hazmat/primitives/ciphers/__pycache__/
.venv/lib/python3.11/site-packages/cryptography/hazmat/primitives/kdf/
.venv/lib/python3.11/site-packages/cryptography/hazmat/primitives/kdf/__init__.py
.venv/lib/python3.11/site-packages/cryptography/hazmat/primitives/kdf/argon2.py
.venv/lib/python3.11/site-packages/cryptography/hazmat/primitives/kdf/concatkdf.py
.venv/lib/python3.11/site-packages/cryptography/hazmat/primitives/kdf/hkdf.py
.venv/lib/python3.11/site-packages/cryptography/hazmat/primitives/kdf/kbkdf.py
.venv/lib/python3.11/site-packages/cryptography/hazmat/primitives/kdf/pbkdf2.py
.venv/lib/python3.11/site-packages/cryptography/hazmat/primitives/kdf/scrypt.py
.venv/lib/python3.11/site-packages/cryptography/hazmat/primitives/kdf/x963kdf.py
.venv/lib/python3.11/site-packages/cryptography/hazmat/primitives/kdf/__pycache__/
.venv/lib/python3.11/site-packages/cryptography/hazmat/primitives/serialization/
.venv/lib/python3.11/site-packages/cryptography/hazmat/primitives/serialization/__init__.py
.venv/lib/python3.11/site-packages/cryptography/hazmat/primitives/serialization/base.py
.venv/lib/python3.11/site-packages/cryptography/hazmat/primitives/serialization/pkcs12.py
.venv/lib/python3.11/site-packages/cryptography/hazmat/primitives/serialization/pkcs7.py
.venv/lib/python3.11/site-packages/cryptography/hazmat/primitives/serialization/ssh.py
.venv/lib/python3.11/site-packages/cryptography/hazmat/primitives/serialization/__pycache__/
.venv/lib/python3.11/site-packages/cryptography/hazmat/primitives/twofactor/
.venv/lib/python3.11/site-packages/cryptography/hazmat/primitives/twofactor/__init__.py
.venv/lib/python3.11/site-packages/cryptography/hazmat/primitives/twofactor/hotp.py
.venv/lib/python3.11/site-packages/cryptography/hazmat/primitives/twofactor/totp.py
.venv/lib/python3.11/site-packages/cryptography/hazmat/primitives/twofactor/__pycache__/
.venv/lib/python3.11/site-packages/cryptography/x509/
.venv/lib/python3.11/site-packages/cryptography/x509/__init__.py
.venv/lib/python3.11/site-packages/cryptography/x509/base.py
.venv/lib/python3.11/site-packages/cryptography/x509/certificate_transparency.py
.venv/lib/python3.11/site-packages/cryptography/x509/extensions.py
.venv/lib/python3.11/site-packages/cryptography/x509/general_name.py
.venv/lib/python3.11/site-packages/cryptography/x509/name.py
.venv/lib/python3.11/site-packages/cryptography/x509/ocsp.py
.venv/lib/python3.11/site-packages/cryptography/x509/oid.py
.venv/lib/python3.11/site-packages/cryptography/x509/verification.py
.venv/lib/python3.11/site-packages/cryptography/x509/__pycache__/
.venv/lib/python3.11/site-packages/distro-1.9.0.dist-info/
.venv/lib/python3.11/site-packages/distro-1.9.0.dist-info/INSTALLER
.venv/lib/python3.11/site-packages/distro-1.9.0.dist-info/LICENSE
.venv/lib/python3.11/site-packages/distro-1.9.0.dist-info/METADATA
.venv/lib/python3.11/site-packages/distro-1.9.0.dist-info/RECORD
.venv/lib/python3.11/site-packages/distro-1.9.0.dist-info/WHEEL
.venv/lib/python3.11/site-packages/distro-1.9.0.dist-info/entry_points.txt
.venv/lib/python3.11/site-packages/distro-1.9.0.dist-info/top_level.txt
.venv/lib/python3.11/site-packages/distro/
.venv/lib/python3.11/site-packages/distro/__init__.py
.venv/lib/python3.11/site-packages/distro/__main__.py
.venv/lib/python3.11/site-packages/distro/distro.py
.venv/lib/python3.11/site-packages/distro/py.typed
.venv/lib/python3.11/site-packages/distro/__pycache__/
.venv/lib/python3.11/site-packages/dns/
.venv/lib/python3.11/site-packages/dns/__init__.py
.venv/lib/python3.11/site-packages/dns/_asyncbackend.py
.venv/lib/python3.11/site-packages/dns/_asyncio_backend.py
.venv/lib/python3.11/site-packages/dns/_ddr.py
.venv/lib/python3.11/site-packages/dns/_features.py
.venv/lib/python3.11/site-packages/dns/_immutable_ctx.py
.venv/lib/python3.11/site-packages/dns/_no_ssl.py
.venv/lib/python3.11/site-packages/dns/_tls_util.py
.venv/lib/python3.11/site-packages/dns/_trio_backend.py
.venv/lib/python3.11/site-packages/dns/asyncbackend.py
.venv/lib/python3.11/site-packages/dns/asyncquery.py
.venv/lib/python3.11/site-packages/dns/asyncresolver.py
.venv/lib/python3.11/site-packages/dns/btree.py
.venv/lib/python3.11/site-packages/dns/btreezone.py
.venv/lib/python3.11/site-packages/dns/dnssec.py
.venv/lib/python3.11/site-packages/dns/dnssectypes.py
.venv/lib/python3.11/site-packages/dns/e164.py
.venv/lib/python3.11/site-packages/dns/edns.py
.venv/lib/python3.11/site-packages/dns/entropy.py
.venv/lib/python3.11/site-packages/dns/enum.py
.venv/lib/python3.11/site-packages/dns/exception.py
.venv/lib/python3.11/site-packages/dns/flags.py
.venv/lib/python3.11/site-packages/dns/grange.py
.venv/lib/python3.11/site-packages/dns/immutable.py
.venv/lib/python3.11/site-packages/dns/inet.py
.venv/lib/python3.11/site-packages/dns/ipv4.py
.venv/lib/python3.11/site-packages/dns/ipv6.py
.venv/lib/python3.11/site-packages/dns/message.py
.venv/lib/python3.11/site-packages/dns/name.py
.venv/lib/python3.11/site-packages/dns/namedict.py
.venv/lib/python3.11/site-packages/dns/nameserver.py
.venv/lib/python3.11/site-packages/dns/node.py
.venv/lib/python3.11/site-packages/dns/opcode.py
.venv/lib/python3.11/site-packages/dns/py.typed
.venv/lib/python3.11/site-packages/dns/query.py
.venv/lib/python3.11/site-packages/dns/rcode.py
.venv/lib/python3.11/site-packages/dns/rdata.py
.venv/lib/python3.11/site-packages/dns/rdataclass.py
.venv/lib/python3.11/site-packages/dns/rdataset.py
.venv/lib/python3.11/site-packages/dns/rdatatype.py
.venv/lib/python3.11/site-packages/dns/renderer.py
.venv/lib/python3.11/site-packages/dns/resolver.py
.venv/lib/python3.11/site-packages/dns/reversename.py
.venv/lib/python3.11/site-packages/dns/rrset.py
.venv/lib/python3.11/site-packages/dns/serial.py
.venv/lib/python3.11/site-packages/dns/set.py
.venv/lib/python3.11/site-packages/dns/tokenizer.py
.venv/lib/python3.11/site-packages/dns/transaction.py
.venv/lib/python3.11/site-packages/dns/tsig.py
.venv/lib/python3.11/site-packages/dns/tsigkeyring.py
.venv/lib/python3.11/site-packages/dns/ttl.py
.venv/lib/python3.11/site-packages/dns/update.py
.venv/lib/python3.11/site-packages/dns/version.py
.venv/lib/python3.11/site-packages/dns/versioned.py
.venv/lib/python3.11/site-packages/dns/win32util.py
.venv/lib/python3.11/site-packages/dns/wire.py
.venv/lib/python3.11/site-packages/dns/xfr.py
.venv/lib/python3.11/site-packages/dns/zone.py
.venv/lib/python3.11/site-packages/dns/zonefile.py
.venv/lib/python3.11/site-packages/dns/zonetypes.py
.venv/lib/python3.11/site-packages/dns/__pycache__/
.venv/lib/python3.11/site-packages/dns/dnssecalgs/
.venv/lib/python3.11/site-packages/dns/dnssecalgs/__init__.py
.venv/lib/python3.11/site-packages/dns/dnssecalgs/base.py
.venv/lib/python3.11/site-packages/dns/dnssecalgs/cryptography.py
.venv/lib/python3.11/site-packages/dns/dnssecalgs/dsa.py
.venv/lib/python3.11/site-packages/dns/dnssecalgs/ecdsa.py
.venv/lib/python3.11/site-packages/dns/dnssecalgs/eddsa.py
.venv/lib/python3.11/site-packages/dns/dnssecalgs/rsa.py
.venv/lib/python3.11/site-packages/dns/dnssecalgs/__pycache__/
.venv/lib/python3.11/site-packages/dns/quic/
.venv/lib/python3.11/site-packages/dns/quic/__init__.py
.venv/lib/python3.11/site-packages/dns/quic/_asyncio.py
.venv/lib/python3.11/site-packages/dns/quic/_common.py
.venv/lib/python3.11/site-packages/dns/quic/_sync.py
.venv/lib/python3.11/site-packages/dns/quic/_trio.py
.venv/lib/python3.11/site-packages/dns/quic/__pycache__/
.venv/lib/python3.11/site-packages/dns/rdtypes/
.venv/lib/python3.11/site-packages/dns/rdtypes/__init__.py
.venv/lib/python3.11/site-packages/dns/rdtypes/dnskeybase.py
.venv/lib/python3.11/site-packages/dns/rdtypes/dsbase.py
.venv/lib/python3.11/site-packages/dns/rdtypes/euibase.py
.venv/lib/python3.11/site-packages/dns/rdtypes/mxbase.py
.venv/lib/python3.11/site-packages/dns/rdtypes/nsbase.py
.venv/lib/python3.11/site-packages/dns/rdtypes/svcbbase.py
.venv/lib/python3.11/site-packages/dns/rdtypes/tlsabase.py
.venv/lib/python3.11/site-packages/dns/rdtypes/txtbase.py
.venv/lib/python3.11/site-packages/dns/rdtypes/util.py
.venv/lib/python3.11/site-packages/dns/rdtypes/ANY/
.venv/lib/python3.11/site-packages/dns/rdtypes/ANY/AFSDB.py
.venv/lib/python3.11/site-packages/dns/rdtypes/ANY/AMTRELAY.py
.venv/lib/python3.11/site-packages/dns/rdtypes/ANY/AVC.py
.venv/lib/python3.11/site-packages/dns/rdtypes/ANY/CAA.py
.venv/lib/python3.11/site-packages/dns/rdtypes/ANY/CDNSKEY.py
.venv/lib/python3.11/site-packages/dns/rdtypes/ANY/CDS.py
.venv/lib/python3.11/site-packages/dns/rdtypes/ANY/CERT.py
.venv/lib/python3.11/site-packages/dns/rdtypes/ANY/CNAME.py
.venv/lib/python3.11/site-packages/dns/rdtypes/ANY/CSYNC.py
.venv/lib/python3.11/site-packages/dns/rdtypes/ANY/DLV.py
.venv/lib/python3.11/site-packages/dns/rdtypes/ANY/DNAME.py
.venv/lib/python3.11/site-packages/dns/rdtypes/ANY/DNSKEY.py
.venv/lib/python3.11/site-packages/dns/rdtypes/ANY/DS.py
.venv/lib/python3.11/site-packages/dns/rdtypes/ANY/DSYNC.py
.venv/lib/python3.11/site-packages/dns/rdtypes/ANY/EUI48.py
.venv/lib/python3.11/site-packages/dns/rdtypes/ANY/EUI64.py
.venv/lib/python3.11/site-packages/dns/rdtypes/ANY/GPOS.py
.venv/lib/python3.11/site-packages/dns/rdtypes/ANY/HINFO.py
.venv/lib/python3.11/site-packages/dns/rdtypes/ANY/HIP.py
.venv/lib/python3.11/site-packages/dns/rdtypes/ANY/ISDN.py
.venv/lib/python3.11/site-packages/dns/rdtypes/ANY/L32.py
.venv/lib/python3.11/site-packages/dns/rdtypes/ANY/L64.py
.venv/lib/python3.11/site-packages/dns/rdtypes/ANY/LOC.py
.venv/lib/python3.11/site-packages/dns/rdtypes/ANY/LP.py
.venv/lib/python3.11/site-packages/dns/rdtypes/ANY/MX.py
.venv/lib/python3.11/site-packages/dns/rdtypes/ANY/NID.py
.venv/lib/python3.11/site-packages/dns/rdtypes/ANY/NINFO.py
.venv/lib/python3.11/site-packages/dns/rdtypes/ANY/NS.py
.venv/lib/python3.11/site-packages/dns/rdtypes/ANY/NSEC.py
.venv/lib/python3.11/site-packages/dns/rdtypes/ANY/NSEC3.py
.venv/lib/python3.11/site-packages/dns/rdtypes/ANY/NSEC3PARAM.py
.venv/lib/python3.11/site-packages/dns/rdtypes/ANY/OPENPGPKEY.py
.venv/lib/python3.11/site-packages/dns/rdtypes/ANY/OPT.py
.venv/lib/python3.11/site-packages/dns/rdtypes/ANY/PTR.py
.venv/lib/python3.11/site-packages/dns/rdtypes/ANY/RESINFO.py
.venv/lib/python3.11/site-packages/dns/rdtypes/ANY/RP.py
.venv/lib/python3.11/site-packages/dns/rdtypes/ANY/RRSIG.py
.venv/lib/python3.11/site-packages/dns/rdtypes/ANY/RT.py
.venv/lib/python3.11/site-packages/dns/rdtypes/ANY/SMIMEA.py
.venv/lib/python3.11/site-packages/dns/rdtypes/ANY/SOA.py
.venv/lib/python3.11/site-packages/dns/rdtypes/ANY/SPF.py
.venv/lib/python3.11/site-packages/dns/rdtypes/ANY/SSHFP.py
.venv/lib/python3.11/site-packages/dns/rdtypes/ANY/TKEY.py
.venv/lib/python3.11/site-packages/dns/rdtypes/ANY/TLSA.py
.venv/lib/python3.11/site-packages/dns/rdtypes/ANY/TSIG.py
.venv/lib/python3.11/site-packages/dns/rdtypes/ANY/TXT.py
.venv/lib/python3.11/site-packages/dns/rdtypes/ANY/URI.py
.venv/lib/python3.11/site-packages/dns/rdtypes/ANY/WALLET.py
.venv/lib/python3.11/site-packages/dns/rdtypes/ANY/X25.py
.venv/lib/python3.11/site-packages/dns/rdtypes/ANY/ZONEMD.py
.venv/lib/python3.11/site-packages/dns/rdtypes/ANY/__init__.py
.venv/lib/python3.11/site-packages/dns/rdtypes/ANY/__pycache__/
.venv/lib/python3.11/site-packages/dns/rdtypes/CH/
.venv/lib/python3.11/site-packages/dns/rdtypes/CH/A.py
.venv/lib/python3.11/site-packages/dns/rdtypes/CH/__init__.py
.venv/lib/python3.11/site-packages/dns/rdtypes/CH/__pycache__/
.venv/lib/python3.11/site-packages/dns/rdtypes/IN/
.venv/lib/python3.11/site-packages/dns/rdtypes/IN/A.py
.venv/lib/python3.11/site-packages/dns/rdtypes/IN/AAAA.py
.venv/lib/python3.11/site-packages/dns/rdtypes/IN/APL.py
.venv/lib/python3.11/site-packages/dns/rdtypes/IN/DHCID.py
.venv/lib/python3.11/site-packages/dns/rdtypes/IN/HTTPS.py
.venv/lib/python3.11/site-packages/dns/rdtypes/IN/IPSECKEY.py
.venv/lib/python3.11/site-packages/dns/rdtypes/IN/KX.py
.venv/lib/python3.11/site-packages/dns/rdtypes/IN/NAPTR.py
.venv/lib/python3.11/site-packages/dns/rdtypes/IN/NSAP.py
.venv/lib/python3.11/site-packages/dns/rdtypes/IN/NSAP_PTR.py
.venv/lib/python3.11/site-packages/dns/rdtypes/IN/PX.py
.venv/lib/python3.11/site-packages/dns/rdtypes/IN/SRV.py
.venv/lib/python3.11/site-packages/dns/rdtypes/IN/SVCB.py
.venv/lib/python3.11/site-packages/dns/rdtypes/IN/WKS.py
.venv/lib/python3.11/site-packages/dns/rdtypes/IN/__init__.py
.venv/lib/python3.11/site-packages/dns/rdtypes/IN/__pycache__/
.venv/lib/python3.11/site-packages/dns/rdtypes/__pycache__/
.venv/lib/python3.11/site-packages/dnspython-2.8.0.dist-info/
.venv/lib/python3.11/site-packages/dnspython-2.8.0.dist-info/INSTALLER
.venv/lib/python3.11/site-packages/dnspython-2.8.0.dist-info/METADATA
.venv/lib/python3.11/site-packages/dnspython-2.8.0.dist-info/RECORD
.venv/lib/python3.11/site-packages/dnspython-2.8.0.dist-info/WHEEL
.venv/lib/python3.11/site-packages/dnspython-2.8.0.dist-info/licenses/
.venv/lib/python3.11/site-packages/dnspython-2.8.0.dist-info/licenses/LICENSE
.venv/lib/python3.11/site-packages/docopt-0.6.2.dist-info/
.venv/lib/python3.11/site-packages/docopt-0.6.2.dist-info/INSTALLER
.venv/lib/python3.11/site-packages/docopt-0.6.2.dist-info/METADATA
.venv/lib/python3.11/site-packages/docopt-0.6.2.dist-info/RECORD
.venv/lib/python3.11/site-packages/docopt-0.6.2.dist-info/REQUESTED
.venv/lib/python3.11/site-packages/docopt-0.6.2.dist-info/WHEEL
.venv/lib/python3.11/site-packages/docopt-0.6.2.dist-info/top_level.txt
.venv/lib/python3.11/site-packages/docopt-0.6.2.dist-info/licenses/
.venv/lib/python3.11/site-packages/docopt-0.6.2.dist-info/licenses/LICENSE-MIT
.venv/lib/python3.11/site-packages/docx/
.venv/lib/python3.11/site-packages/docx/__init__.py
.venv/lib/python3.11/site-packages/docx/api.py
.venv/lib/python3.11/site-packages/docx/blkcntnr.py
.venv/lib/python3.11/site-packages/docx/comments.py
.venv/lib/python3.11/site-packages/docx/document.py
.venv/lib/python3.11/site-packages/docx/exceptions.py
.venv/lib/python3.11/site-packages/docx/package.py
.venv/lib/python3.11/site-packages/docx/py.typed
.venv/lib/python3.11/site-packages/docx/section.py
.venv/lib/python3.11/site-packages/docx/settings.py
.venv/lib/python3.11/site-packages/docx/shape.py
.venv/lib/python3.11/site-packages/docx/shared.py
.venv/lib/python3.11/site-packages/docx/table.py
.venv/lib/python3.11/site-packages/docx/types.py
.venv/lib/python3.11/site-packages/docx/__pycache__/
.venv/lib/python3.11/site-packages/docx/dml/
.venv/lib/python3.11/site-packages/docx/dml/__init__.py
.venv/lib/python3.11/site-packages/docx/dml/color.py
.venv/lib/python3.11/site-packages/docx/dml/__pycache__/
.venv/lib/python3.11/site-packages/docx/drawing/
.venv/lib/python3.11/site-packages/docx/drawing/__init__.py
.venv/lib/python3.11/site-packages/docx/drawing/__pycache__/
.venv/lib/python3.11/site-packages/docx/enum/
.venv/lib/python3.11/site-packages/docx/enum/__init__.py
.venv/lib/python3.11/site-packages/docx/enum/base.py
.venv/lib/python3.11/site-packages/docx/enum/dml.py
.venv/lib/python3.11/site-packages/docx/enum/section.py
.venv/lib/python3.11/site-packages/docx/enum/shape.py
.venv/lib/python3.11/site-packages/docx/enum/style.py
.venv/lib/python3.11/site-packages/docx/enum/table.py
.venv/lib/python3.11/site-packages/docx/enum/text.py
.venv/lib/python3.11/site-packages/docx/enum/__pycache__/
.venv/lib/python3.11/site-packages/docx/image/
.venv/lib/python3.11/site-packages/docx/image/__init__.py
.venv/lib/python3.11/site-packages/docx/image/bmp.py
.venv/lib/python3.11/site-packages/docx/image/constants.py
.venv/lib/python3.11/site-packages/docx/image/exceptions.py
.venv/lib/python3.11/site-packages/docx/image/gif.py
.venv/lib/python3.11/site-packages/docx/image/helpers.py
.venv/lib/python3.11/site-packages/docx/image/image.py
.venv/lib/python3.11/site-packages/docx/image/jpeg.py
.venv/lib/python3.11/site-packages/docx/image/png.py
.venv/lib/python3.11/site-packages/docx/image/tiff.py
.venv/lib/python3.11/site-packages/docx/image/__pycache__/
.venv/lib/python3.11/site-packages/docx/opc/
.venv/lib/python3.11/site-packages/docx/opc/__init__.py
.venv/lib/python3.11/site-packages/docx/opc/constants.py
.venv/lib/python3.11/site-packages/docx/opc/coreprops.py
.venv/lib/python3.11/site-packages/docx/opc/exceptions.py
.venv/lib/python3.11/site-packages/docx/opc/oxml.py
.venv/lib/python3.11/site-packages/docx/opc/package.py
.venv/lib/python3.11/site-packages/docx/opc/packuri.py
.venv/lib/python3.11/site-packages/docx/opc/part.py
.venv/lib/python3.11/site-packages/docx/opc/phys_pkg.py
.venv/lib/python3.11/site-packages/docx/opc/pkgreader.py
.venv/lib/python3.11/site-packages/docx/opc/pkgwriter.py
.venv/lib/python3.11/site-packages/docx/opc/rel.py
.venv/lib/python3.11/site-packages/docx/opc/shared.py
.venv/lib/python3.11/site-packages/docx/opc/spec.py
.venv/lib/python3.11/site-packages/docx/opc/__pycache__/
.venv/lib/python3.11/site-packages/docx/opc/parts/
.venv/lib/python3.11/site-packages/docx/opc/parts/__init__.py
.venv/lib/python3.11/site-packages/docx/opc/parts/coreprops.py
.venv/lib/python3.11/site-packages/docx/opc/parts/__pycache__/
.venv/lib/python3.11/site-packages/docx/oxml/
.venv/lib/python3.11/site-packages/docx/oxml/__init__.py
.venv/lib/python3.11/site-packages/docx/oxml/comments.py
.venv/lib/python3.11/site-packages/docx/oxml/coreprops.py
.venv/lib/python3.11/site-packages/docx/oxml/document.py
.venv/lib/python3.11/site-packages/docx/oxml/drawing.py
.venv/lib/python3.11/site-packages/docx/oxml/exceptions.py
.venv/lib/python3.11/site-packages/docx/oxml/ns.py
.venv/lib/python3.11/site-packages/docx/oxml/numbering.py
.venv/lib/python3.11/site-packages/docx/oxml/parser.py
.venv/lib/python3.11/site-packages/docx/oxml/section.py
.venv/lib/python3.11/site-packages/docx/oxml/settings.py
.venv/lib/python3.11/site-packages/docx/oxml/shape.py
.venv/lib/python3.11/site-packages/docx/oxml/shared.py
.venv/lib/python3.11/site-packages/docx/oxml/simpletypes.py
.venv/lib/python3.11/site-packages/docx/oxml/styles.py
.venv/lib/python3.11/site-packages/docx/oxml/table.py
.venv/lib/python3.11/site-packages/docx/oxml/xmlchemy.py
.venv/lib/python3.11/site-packages/docx/oxml/__pycache__/
.venv/lib/python3.11/site-packages/docx/oxml/text/
.venv/lib/python3.11/site-packages/docx/oxml/text/__init__.py
.venv/lib/python3.11/site-packages/docx/oxml/text/font.py
.venv/lib/python3.11/site-packages/docx/oxml/text/hyperlink.py
.venv/lib/python3.11/site-packages/docx/oxml/text/pagebreak.py
.venv/lib/python3.11/site-packages/docx/oxml/text/paragraph.py
.venv/lib/python3.11/site-packages/docx/oxml/text/parfmt.py
.venv/lib/python3.11/site-packages/docx/oxml/text/run.py
.venv/lib/python3.11/site-packages/docx/oxml/text/__pycache__/
.venv/lib/python3.11/site-packages/docx/parts/
.venv/lib/python3.11/site-packages/docx/parts/__init__.py
.venv/lib/python3.11/site-packages/docx/parts/comments.py
.venv/lib/python3.11/site-packages/docx/parts/document.py
.venv/lib/python3.11/site-packages/docx/parts/hdrftr.py
.venv/lib/python3.11/site-packages/docx/parts/image.py
.venv/lib/python3.11/site-packages/docx/parts/numbering.py
.venv/lib/python3.11/site-packages/docx/parts/settings.py
.venv/lib/python3.11/site-packages/docx/parts/story.py
.venv/lib/python3.11/site-packages/docx/parts/styles.py
.venv/lib/python3.11/site-packages/docx/parts/__pycache__/
.venv/lib/python3.11/site-packages/docx/styles/
.venv/lib/python3.11/site-packages/docx/styles/__init__.py
.venv/lib/python3.11/site-packages/docx/styles/latent.py
.venv/lib/python3.11/site-packages/docx/styles/style.py
.venv/lib/python3.11/site-packages/docx/styles/styles.py
.venv/lib/python3.11/site-packages/docx/styles/__pycache__/
.venv/lib/python3.11/site-packages/docx/templates/
.venv/lib/python3.11/site-packages/docx/templates/default-comments.xml
.venv/lib/python3.11/site-packages/docx/templates/default-footer.xml
.venv/lib/python3.11/site-packages/docx/templates/default-header.xml
.venv/lib/python3.11/site-packages/docx/templates/default-settings.xml
.venv/lib/python3.11/site-packages/docx/templates/default-styles.xml
.venv/lib/python3.11/site-packages/docx/templates/default.docx
.venv/lib/python3.11/site-packages/docx/templates/default-docx-template/
.venv/lib/python3.11/site-packages/docx/templates/default-docx-template/[Content_Types].xml
.venv/lib/python3.11/site-packages/docx/templates/default-docx-template/_rels/
.venv/lib/python3.11/site-packages/docx/templates/default-docx-template/_rels/.rels
.venv/lib/python3.11/site-packages/docx/templates/default-docx-template/customXml/
.venv/lib/python3.11/site-packages/docx/templates/default-docx-template/customXml/item1.xml
.venv/lib/python3.11/site-packages/docx/templates/default-docx-template/customXml/itemProps1.xml
.venv/lib/python3.11/site-packages/docx/templates/default-docx-template/customXml/_rels/
.venv/lib/python3.11/site-packages/docx/templates/default-docx-template/customXml/_rels/item1.xml.rels
.venv/lib/python3.11/site-packages/docx/templates/default-docx-template/docProps/
.venv/lib/python3.11/site-packages/docx/templates/default-docx-template/docProps/app.xml
.venv/lib/python3.11/site-packages/docx/templates/default-docx-template/docProps/core.xml
.venv/lib/python3.11/site-packages/docx/templates/default-docx-template/docProps/thumbnail.jpeg
.venv/lib/python3.11/site-packages/docx/templates/default-docx-template/word/
.venv/lib/python3.11/site-packages/docx/templates/default-docx-template/word/document.xml
.venv/lib/python3.11/site-packages/docx/templates/default-docx-template/word/fontTable.xml
.venv/lib/python3.11/site-packages/docx/templates/default-docx-template/word/numbering.xml
.venv/lib/python3.11/site-packages/docx/templates/default-docx-template/word/settings.xml
.venv/lib/python3.11/site-packages/docx/templates/default-docx-template/word/styles.xml
.venv/lib/python3.11/site-packages/docx/templates/default-docx-template/word/stylesWithEffects.xml
.venv/lib/python3.11/site-packages/docx/templates/default-docx-template/word/webSettings.xml
.venv/lib/python3.11/site-packages/docx/templates/default-docx-template/word/_rels/
.venv/lib/python3.11/site-packages/docx/templates/default-docx-template/word/_rels/document.xml.rels
.venv/lib/python3.11/site-packages/docx/templates/default-docx-template/word/theme/
.venv/lib/python3.11/site-packages/docx/templates/default-docx-template/word/theme/theme1.xml
.venv/lib/python3.11/site-packages/docx/text/
.venv/lib/python3.11/site-packages/docx/text/__init__.py
.venv/lib/python3.11/site-packages/docx/text/font.py
.venv/lib/python3.11/site-packages/docx/text/hyperlink.py
.venv/lib/python3.11/site-packages/docx/text/pagebreak.py
.venv/lib/python3.11/site-packages/docx/text/paragraph.py
.venv/lib/python3.11/site-packages/docx/text/parfmt.py
.venv/lib/python3.11/site-packages/docx/text/run.py
.venv/lib/python3.11/site-packages/docx/text/tabstops.py
.venv/lib/python3.11/site-packages/docx/text/__pycache__/
.venv/lib/python3.11/site-packages/dotenv-0.9.9.dist-info/
.venv/lib/python3.11/site-packages/dotenv-0.9.9.dist-info/INSTALLER
.venv/lib/python3.11/site-packages/dotenv-0.9.9.dist-info/LICENSE
.venv/lib/python3.11/site-packages/dotenv-0.9.9.dist-info/METADATA
.venv/lib/python3.11/site-packages/dotenv-0.9.9.dist-info/RECORD
.venv/lib/python3.11/site-packages/dotenv-0.9.9.dist-info/REQUESTED
.venv/lib/python3.11/site-packages/dotenv-0.9.9.dist-info/WHEEL
.venv/lib/python3.11/site-packages/dotenv-0.9.9.dist-info/top_level.txt
.venv/lib/python3.11/site-packages/dotenv/
.venv/lib/python3.11/site-packages/dotenv/__init__.py
.venv/lib/python3.11/site-packages/dotenv/__main__.py
.venv/lib/python3.11/site-packages/dotenv/cli.py
.venv/lib/python3.11/site-packages/dotenv/ipython.py
.venv/lib/python3.11/site-packages/dotenv/main.py
.venv/lib/python3.11/site-packages/dotenv/parser.py
.venv/lib/python3.11/site-packages/dotenv/py.typed
.venv/lib/python3.11/site-packages/dotenv/variables.py
.venv/lib/python3.11/site-packages/dotenv/version.py
.venv/lib/python3.11/site-packages/dotenv/__pycache__/
.venv/lib/python3.11/site-packages/ecdsa-0.19.1.dist-info/
.venv/lib/python3.11/site-packages/ecdsa-0.19.1.dist-info/INSTALLER
.venv/lib/python3.11/site-packages/ecdsa-0.19.1.dist-info/LICENSE
.venv/lib/python3.11/site-packages/ecdsa-0.19.1.dist-info/METADATA
.venv/lib/python3.11/site-packages/ecdsa-0.19.1.dist-info/RECORD
.venv/lib/python3.11/site-packages/ecdsa-0.19.1.dist-info/WHEEL
.venv/lib/python3.11/site-packages/ecdsa-0.19.1.dist-info/top_level.txt
.venv/lib/python3.11/site-packages/ecdsa/
.venv/lib/python3.11/site-packages/ecdsa/__init__.py
.venv/lib/python3.11/site-packages/ecdsa/_compat.py
.venv/lib/python3.11/site-packages/ecdsa/_rwlock.py
.venv/lib/python3.11/site-packages/ecdsa/_sha3.py
.venv/lib/python3.11/site-packages/ecdsa/_version.py
.venv/lib/python3.11/site-packages/ecdsa/curves.py
.venv/lib/python3.11/site-packages/ecdsa/der.py
.venv/lib/python3.11/site-packages/ecdsa/ecdh.py
.venv/lib/python3.11/site-packages/ecdsa/ecdsa.py
.venv/lib/python3.11/site-packages/ecdsa/eddsa.py
.venv/lib/python3.11/site-packages/ecdsa/ellipticcurve.py
.venv/lib/python3.11/site-packages/ecdsa/errors.py
.venv/lib/python3.11/site-packages/ecdsa/keys.py
.venv/lib/python3.11/site-packages/ecdsa/numbertheory.py
.venv/lib/python3.11/site-packages/ecdsa/rfc6979.py
.venv/lib/python3.11/site-packages/ecdsa/ssh.py
.venv/lib/python3.11/site-packages/ecdsa/test_curves.py
.venv/lib/python3.11/site-packages/ecdsa/test_der.py
.venv/lib/python3.11/site-packages/ecdsa/test_ecdh.py
.venv/lib/python3.11/site-packages/ecdsa/test_ecdsa.py
.venv/lib/python3.11/site-packages/ecdsa/test_eddsa.py
.venv/lib/python3.11/site-packages/ecdsa/test_ellipticcurve.py
.venv/lib/python3.11/site-packages/ecdsa/test_jacobi.py
.venv/lib/python3.11/site-packages/ecdsa/test_keys.py
.venv/lib/python3.11/site-packages/ecdsa/test_malformed_sigs.py
.venv/lib/python3.11/site-packages/ecdsa/test_numbertheory.py
.venv/lib/python3.11/site-packages/ecdsa/test_pyecdsa.py
.venv/lib/python3.11/site-packages/ecdsa/test_rw_lock.py
.venv/lib/python3.11/site-packages/ecdsa/test_sha3.py
.venv/lib/python3.11/site-packages/ecdsa/util.py
.venv/lib/python3.11/site-packages/ecdsa/__pycache__/
.venv/lib/python3.11/site-packages/email_validator-2.3.0.dist-info/
.venv/lib/python3.11/site-packages/email_validator-2.3.0.dist-info/INSTALLER
.venv/lib/python3.11/site-packages/email_validator-2.3.0.dist-info/METADATA
.venv/lib/python3.11/site-packages/email_validator-2.3.0.dist-info/RECORD
.venv/lib/python3.11/site-packages/email_validator-2.3.0.dist-info/REQUESTED
.venv/lib/python3.11/site-packages/email_validator-2.3.0.dist-info/WHEEL
.venv/lib/python3.11/site-packages/email_validator-2.3.0.dist-info/entry_points.txt
.venv/lib/python3.11/site-packages/email_validator-2.3.0.dist-info/top_level.txt
.venv/lib/python3.11/site-packages/email_validator-2.3.0.dist-info/licenses/
.venv/lib/python3.11/site-packages/email_validator-2.3.0.dist-info/licenses/LICENSE
.venv/lib/python3.11/site-packages/email_validator/
.venv/lib/python3.11/site-packages/email_validator/__init__.py
.venv/lib/python3.11/site-packages/email_validator/__main__.py
.venv/lib/python3.11/site-packages/email_validator/deliverability.py
.venv/lib/python3.11/site-packages/email_validator/exceptions.py
.venv/lib/python3.11/site-packages/email_validator/py.typed
.venv/lib/python3.11/site-packages/email_validator/rfc_constants.py
.venv/lib/python3.11/site-packages/email_validator/syntax.py
.venv/lib/python3.11/site-packages/email_validator/types.py
.venv/lib/python3.11/site-packages/email_validator/validate_email.py
.venv/lib/python3.11/site-packages/email_validator/version.py
.venv/lib/python3.11/site-packages/email_validator/__pycache__/
.venv/lib/python3.11/site-packages/fastapi-0.129.0.dist-info/
.venv/lib/python3.11/site-packages/fastapi-0.129.0.dist-info/INSTALLER
.venv/lib/python3.11/site-packages/fastapi-0.129.0.dist-info/METADATA
.venv/lib/python3.11/site-packages/fastapi-0.129.0.dist-info/RECORD
.venv/lib/python3.11/site-packages/fastapi-0.129.0.dist-info/REQUESTED
.venv/lib/python3.11/site-packages/fastapi-0.129.0.dist-info/WHEEL
.venv/lib/python3.11/site-packages/fastapi-0.129.0.dist-info/entry_points.txt
.venv/lib/python3.11/site-packages/fastapi-0.129.0.dist-info/licenses/
.venv/lib/python3.11/site-packages/fastapi-0.129.0.dist-info/licenses/LICENSE
.venv/lib/python3.11/site-packages/fastapi/
.venv/lib/python3.11/site-packages/fastapi/__init__.py
.venv/lib/python3.11/site-packages/fastapi/__main__.py
.venv/lib/python3.11/site-packages/fastapi/applications.py
.venv/lib/python3.11/site-packages/fastapi/background.py
.venv/lib/python3.11/site-packages/fastapi/cli.py
.venv/lib/python3.11/site-packages/fastapi/concurrency.py
.venv/lib/python3.11/site-packages/fastapi/datastructures.py
.venv/lib/python3.11/site-packages/fastapi/encoders.py
.venv/lib/python3.11/site-packages/fastapi/exception_handlers.py
.venv/lib/python3.11/site-packages/fastapi/exceptions.py
.venv/lib/python3.11/site-packages/fastapi/logger.py
.venv/lib/python3.11/site-packages/fastapi/param_functions.py
.venv/lib/python3.11/site-packages/fastapi/params.py
.venv/lib/python3.11/site-packages/fastapi/py.typed
.venv/lib/python3.11/site-packages/fastapi/requests.py
.venv/lib/python3.11/site-packages/fastapi/responses.py
.venv/lib/python3.11/site-packages/fastapi/routing.py
.venv/lib/python3.11/site-packages/fastapi/staticfiles.py
.venv/lib/python3.11/site-packages/fastapi/templating.py
.venv/lib/python3.11/site-packages/fastapi/testclient.py
.venv/lib/python3.11/site-packages/fastapi/types.py
.venv/lib/python3.11/site-packages/fastapi/utils.py
.venv/lib/python3.11/site-packages/fastapi/websockets.py
.venv/lib/python3.11/site-packages/fastapi/__pycache__/
.venv/lib/python3.11/site-packages/fastapi/_compat/
.venv/lib/python3.11/site-packages/fastapi/_compat/__init__.py
.venv/lib/python3.11/site-packages/fastapi/_compat/shared.py
.venv/lib/python3.11/site-packages/fastapi/_compat/v2.py
.venv/lib/python3.11/site-packages/fastapi/_compat/__pycache__/
.venv/lib/python3.11/site-packages/fastapi/dependencies/
.venv/lib/python3.11/site-packages/fastapi/dependencies/__init__.py
.venv/lib/python3.11/site-packages/fastapi/dependencies/models.py
.venv/lib/python3.11/site-packages/fastapi/dependencies/utils.py
.venv/lib/python3.11/site-packages/fastapi/dependencies/__pycache__/
.venv/lib/python3.11/site-packages/fastapi/middleware/
.venv/lib/python3.11/site-packages/fastapi/middleware/__init__.py
.venv/lib/python3.11/site-packages/fastapi/middleware/asyncexitstack.py
.venv/lib/python3.11/site-packages/fastapi/middleware/cors.py
.venv/lib/python3.11/site-packages/fastapi/middleware/gzip.py
.venv/lib/python3.11/site-packages/fastapi/middleware/httpsredirect.py
.venv/lib/python3.11/site-packages/fastapi/middleware/trustedhost.py
.venv/lib/python3.11/site-packages/fastapi/middleware/wsgi.py
.venv/lib/python3.11/site-packages/fastapi/middleware/__pycache__/
.venv/lib/python3.11/site-packages/fastapi/openapi/
.venv/lib/python3.11/site-packages/fastapi/openapi/__init__.py
.venv/lib/python3.11/site-packages/fastapi/openapi/constants.py
.venv/lib/python3.11/site-packages/fastapi/openapi/docs.py
.venv/lib/python3.11/site-packages/fastapi/openapi/models.py
.venv/lib/python3.11/site-packages/fastapi/openapi/utils.py
.venv/lib/python3.11/site-packages/fastapi/openapi/__pycache__/
.venv/lib/python3.11/site-packages/fastapi/security/
.venv/lib/python3.11/site-packages/fastapi/security/__init__.py
.venv/lib/python3.11/site-packages/fastapi/security/api_key.py
.venv/lib/python3.11/site-packages/fastapi/security/base.py
.venv/lib/python3.11/site-packages/fastapi/security/http.py
.venv/lib/python3.11/site-packages/fastapi/security/oauth2.py
.venv/lib/python3.11/site-packages/fastapi/security/open_id_connect_url.py
.venv/lib/python3.11/site-packages/fastapi/security/utils.py
.venv/lib/python3.11/site-packages/fastapi/security/__pycache__/
.venv/lib/python3.11/site-packages/groq-1.0.0.dist-info/
.venv/lib/python3.11/site-packages/groq-1.0.0.dist-info/INSTALLER
.venv/lib/python3.11/site-packages/groq-1.0.0.dist-info/METADATA
.venv/lib/python3.11/site-packages/groq-1.0.0.dist-info/RECORD
.venv/lib/python3.11/site-packages/groq-1.0.0.dist-info/REQUESTED
.venv/lib/python3.11/site-packages/groq-1.0.0.dist-info/WHEEL
.venv/lib/python3.11/site-packages/groq-1.0.0.dist-info/licenses/
.venv/lib/python3.11/site-packages/groq-1.0.0.dist-info/licenses/LICENSE
.venv/lib/python3.11/site-packages/groq/
.venv/lib/python3.11/site-packages/groq/__init__.py
.venv/lib/python3.11/site-packages/groq/_base_client.py
.venv/lib/python3.11/site-packages/groq/_client.py
.venv/lib/python3.11/site-packages/groq/_compat.py
.venv/lib/python3.11/site-packages/groq/_constants.py
.venv/lib/python3.11/site-packages/groq/_exceptions.py
.venv/lib/python3.11/site-packages/groq/_files.py
.venv/lib/python3.11/site-packages/groq/_models.py
.venv/lib/python3.11/site-packages/groq/_qs.py
.venv/lib/python3.11/site-packages/groq/_resource.py
.venv/lib/python3.11/site-packages/groq/_response.py
.venv/lib/python3.11/site-packages/groq/_streaming.py
.venv/lib/python3.11/site-packages/groq/_types.py
.venv/lib/python3.11/site-packages/groq/_version.py
.venv/lib/python3.11/site-packages/groq/py.typed
.venv/lib/python3.11/site-packages/groq/__pycache__/
.venv/lib/python3.11/site-packages/groq/_utils/
.venv/lib/python3.11/site-packages/groq/_utils/__init__.py
.venv/lib/python3.11/site-packages/groq/_utils/_compat.py
.venv/lib/python3.11/site-packages/groq/_utils/_datetime_parse.py
.venv/lib/python3.11/site-packages/groq/_utils/_logs.py
.venv/lib/python3.11/site-packages/groq/_utils/_proxy.py
.venv/lib/python3.11/site-packages/groq/_utils/_reflection.py
.venv/lib/python3.11/site-packages/groq/_utils/_resources_proxy.py
.venv/lib/python3.11/site-packages/groq/_utils/_streams.py
.venv/lib/python3.11/site-packages/groq/_utils/_sync.py
.venv/lib/python3.11/site-packages/groq/_utils/_transform.py
.venv/lib/python3.11/site-packages/groq/_utils/_typing.py
.venv/lib/python3.11/site-packages/groq/_utils/_utils.py
.venv/lib/python3.11/site-packages/groq/_utils/__pycache__/
.venv/lib/python3.11/site-packages/groq/lib/
.venv/lib/python3.11/site-packages/groq/lib/.keep
.venv/lib/python3.11/site-packages/groq/resources/
.venv/lib/python3.11/site-packages/groq/resources/__init__.py
.venv/lib/python3.11/site-packages/groq/resources/batches.py
.venv/lib/python3.11/site-packages/groq/resources/embeddings.py
.venv/lib/python3.11/site-packages/groq/resources/files.py
.venv/lib/python3.11/site-packages/groq/resources/models.py
.venv/lib/python3.11/site-packages/groq/resources/__pycache__/
.venv/lib/python3.11/site-packages/groq/resources/audio/
.venv/lib/python3.11/site-packages/groq/resources/audio/__init__.py
.venv/lib/python3.11/site-packages/groq/resources/audio/audio.py
.venv/lib/python3.11/site-packages/groq/resources/audio/speech.py
.venv/lib/python3.11/site-packages/groq/resources/audio/transcriptions.py
.venv/lib/python3.11/site-packages/groq/resources/audio/translations.py
.venv/lib/python3.11/site-packages/groq/resources/audio/__pycache__/
.venv/lib/python3.11/site-packages/groq/resources/chat/
.venv/lib/python3.11/site-packages/groq/resources/chat/__init__.py
.venv/lib/python3.11/site-packages/groq/resources/chat/chat.py
.venv/lib/python3.11/site-packages/groq/resources/chat/completions.py
.venv/lib/python3.11/site-packages/groq/resources/chat/__pycache__/
.venv/lib/python3.11/site-packages/groq/types/
.venv/lib/python3.11/site-packages/groq/types/__init__.py
.venv/lib/python3.11/site-packages/groq/types/batch_cancel_response.py
.venv/lib/python3.11/site-packages/groq/types/batch_create_params.py
.venv/lib/python3.11/site-packages/groq/types/batch_create_response.py
.venv/lib/python3.11/site-packages/groq/types/batch_list_response.py
.venv/lib/python3.11/site-packages/groq/types/batch_retrieve_response.py
.venv/lib/python3.11/site-packages/groq/types/completion_usage.py
.venv/lib/python3.11/site-packages/groq/types/create_embedding_response.py
.venv/lib/python3.11/site-packages/groq/types/embedding.py
.venv/lib/python3.11/site-packages/groq/types/embedding_create_params.py
.venv/lib/python3.11/site-packages/groq/types/file_create_params.py
.venv/lib/python3.11/site-packages/groq/types/file_create_response.py
.venv/lib/python3.11/site-packages/groq/types/file_delete_response.py
.venv/lib/python3.11/site-packages/groq/types/file_info_response.py
.venv/lib/python3.11/site-packages/groq/types/file_list_response.py
.venv/lib/python3.11/site-packages/groq/types/model.py
.venv/lib/python3.11/site-packages/groq/types/model_deleted.py
.venv/lib/python3.11/site-packages/groq/types/model_list_response.py
.venv/lib/python3.11/site-packages/groq/types/__pycache__/
.venv/lib/python3.11/site-packages/groq/types/audio/
.venv/lib/python3.11/site-packages/groq/types/audio/__init__.py
.venv/lib/python3.11/site-packages/groq/types/audio/speech_create_params.py
.venv/lib/python3.11/site-packages/groq/types/audio/transcription.py
.venv/lib/python3.11/site-packages/groq/types/audio/transcription_create_params.py
.venv/lib/python3.11/site-packages/groq/types/audio/translation.py
.venv/lib/python3.11/site-packages/groq/types/audio/translation_create_params.py
.venv/lib/python3.11/site-packages/groq/types/audio/__pycache__/
.venv/lib/python3.11/site-packages/groq/types/chat/
.venv/lib/python3.11/site-packages/groq/types/chat/__init__.py
.venv/lib/python3.11/site-packages/groq/types/chat/chat_completion.py
.venv/lib/python3.11/site-packages/groq/types/chat/chat_completion_assistant_message_param.py
.venv/lib/python3.11/site-packages/groq/types/chat/chat_completion_chunk.py
.venv/lib/python3.11/site-packages/groq/types/chat/chat_completion_content_part_image_param.py
.venv/lib/python3.11/site-packages/groq/types/chat/chat_completion_content_part_param.py
.venv/lib/python3.11/site-packages/groq/types/chat/chat_completion_content_part_text_param.py
.venv/lib/python3.11/site-packages/groq/types/chat/chat_completion_function_call_option_param.py
.venv/lib/python3.11/site-packages/groq/types/chat/chat_completion_function_message_param.py
.venv/lib/python3.11/site-packages/groq/types/chat/chat_completion_message.py
.venv/lib/python3.11/site-packages/groq/types/chat/chat_completion_message_param.py
.venv/lib/python3.11/site-packages/groq/types/chat/chat_completion_message_tool_call.py
.venv/lib/python3.11/site-packages/groq/types/chat/chat_completion_message_tool_call_param.py
.venv/lib/python3.11/site-packages/groq/types/chat/chat_completion_named_tool_choice_param.py
.venv/lib/python3.11/site-packages/groq/types/chat/chat_completion_role.py
.venv/lib/python3.11/site-packages/groq/types/chat/chat_completion_system_message_param.py
.venv/lib/python3.11/site-packages/groq/types/chat/chat_completion_token_logprob.py
.venv/lib/python3.11/site-packages/groq/types/chat/chat_completion_tool_choice_option_param.py
.venv/lib/python3.11/site-packages/groq/types/chat/chat_completion_tool_message_param.py
.venv/lib/python3.11/site-packages/groq/types/chat/chat_completion_tool_param.py
.venv/lib/python3.11/site-packages/groq/types/chat/chat_completion_user_message_param.py
.venv/lib/python3.11/site-packages/groq/types/chat/completion_create_params.py
.venv/lib/python3.11/site-packages/groq/types/chat/__pycache__/
.venv/lib/python3.11/site-packages/groq/types/shared/
.venv/lib/python3.11/site-packages/groq/types/shared/__init__.py
.venv/lib/python3.11/site-packages/groq/types/shared/error_object.py
.venv/lib/python3.11/site-packages/groq/types/shared/function_definition.py
.venv/lib/python3.11/site-packages/groq/types/shared/function_parameters.py
.venv/lib/python3.11/site-packages/groq/types/shared/__pycache__/
.venv/lib/python3.11/site-packages/groq/types/shared_params/
.venv/lib/python3.11/site-packages/groq/types/shared_params/__init__.py
.venv/lib/python3.11/site-packages/groq/types/shared_params/function_definition.py
.venv/lib/python3.11/site-packages/groq/types/shared_params/function_parameters.py
.venv/lib/python3.11/site-packages/groq/types/shared_params/__pycache__/
.venv/lib/python3.11/site-packages/h11-0.16.0.dist-info/
.venv/lib/python3.11/site-packages/h11-0.16.0.dist-info/INSTALLER
.venv/lib/python3.11/site-packages/h11-0.16.0.dist-info/METADATA
.venv/lib/python3.11/site-packages/h11-0.16.0.dist-info/RECORD
.venv/lib/python3.11/site-packages/h11-0.16.0.dist-info/REQUESTED
.venv/lib/python3.11/site-packages/h11-0.16.0.dist-info/WHEEL
.venv/lib/python3.11/site-packages/h11-0.16.0.dist-info/top_level.txt
.venv/lib/python3.11/site-packages/h11-0.16.0.dist-info/licenses/
.venv/lib/python3.11/site-packages/h11-0.16.0.dist-info/licenses/LICENSE.txt
.venv/lib/python3.11/site-packages/h11/
.venv/lib/python3.11/site-packages/h11/__init__.py
.venv/lib/python3.11/site-packages/h11/_abnf.py
.venv/lib/python3.11/site-packages/h11/_connection.py
.venv/lib/python3.11/site-packages/h11/_events.py
.venv/lib/python3.11/site-packages/h11/_headers.py
.venv/lib/python3.11/site-packages/h11/_readers.py
.venv/lib/python3.11/site-packages/h11/_receivebuffer.py
.venv/lib/python3.11/site-packages/h11/_state.py
.venv/lib/python3.11/site-packages/h11/_util.py
.venv/lib/python3.11/site-packages/h11/_version.py
.venv/lib/python3.11/site-packages/h11/_writers.py
.venv/lib/python3.11/site-packages/h11/py.typed
.venv/lib/python3.11/site-packages/h11/__pycache__/
.venv/lib/python3.11/site-packages/httpcore-1.0.9.dist-info/
.venv/lib/python3.11/site-packages/httpcore-1.0.9.dist-info/INSTALLER
.venv/lib/python3.11/site-packages/httpcore-1.0.9.dist-info/METADATA
.venv/lib/python3.11/site-packages/httpcore-1.0.9.dist-info/RECORD
.venv/lib/python3.11/site-packages/httpcore-1.0.9.dist-info/WHEEL
.venv/lib/python3.11/site-packages/httpcore-1.0.9.dist-info/licenses/
.venv/lib/python3.11/site-packages/httpcore-1.0.9.dist-info/licenses/LICENSE.md
.venv/lib/python3.11/site-packages/httpcore/
.venv/lib/python3.11/site-packages/httpcore/__init__.py
.venv/lib/python3.11/site-packages/httpcore/_api.py
.venv/lib/python3.11/site-packages/httpcore/_exceptions.py
.venv/lib/python3.11/site-packages/httpcore/_models.py
.venv/lib/python3.11/site-packages/httpcore/_ssl.py
.venv/lib/python3.11/site-packages/httpcore/_synchronization.py
.venv/lib/python3.11/site-packages/httpcore/_trace.py
.venv/lib/python3.11/site-packages/httpcore/_utils.py
.venv/lib/python3.11/site-packages/httpcore/py.typed
.venv/lib/python3.11/site-packages/httpcore/__pycache__/
.venv/lib/python3.11/site-packages/httpcore/_async/
.venv/lib/python3.11/site-packages/httpcore/_async/__init__.py
.venv/lib/python3.11/site-packages/httpcore/_async/connection.py
.venv/lib/python3.11/site-packages/httpcore/_async/connection_pool.py
.venv/lib/python3.11/site-packages/httpcore/_async/http11.py
.venv/lib/python3.11/site-packages/httpcore/_async/http2.py
.venv/lib/python3.11/site-packages/httpcore/_async/http_proxy.py
.venv/lib/python3.11/site-packages/httpcore/_async/interfaces.py
.venv/lib/python3.11/site-packages/httpcore/_async/socks_proxy.py
.venv/lib/python3.11/site-packages/httpcore/_async/__pycache__/
.venv/lib/python3.11/site-packages/httpcore/_backends/
.venv/lib/python3.11/site-packages/httpcore/_backends/__init__.py
.venv/lib/python3.11/site-packages/httpcore/_backends/anyio.py
.venv/lib/python3.11/site-packages/httpcore/_backends/auto.py
.venv/lib/python3.11/site-packages/httpcore/_backends/base.py
.venv/lib/python3.11/site-packages/httpcore/_backends/mock.py
.venv/lib/python3.11/site-packages/httpcore/_backends/sync.py
.venv/lib/python3.11/site-packages/httpcore/_backends/trio.py
.venv/lib/python3.11/site-packages/httpcore/_backends/__pycache__/
.venv/lib/python3.11/site-packages/httpcore/_sync/
.venv/lib/python3.11/site-packages/httpcore/_sync/__init__.py
.venv/lib/python3.11/site-packages/httpcore/_sync/connection.py
.venv/lib/python3.11/site-packages/httpcore/_sync/connection_pool.py
.venv/lib/python3.11/site-packages/httpcore/_sync/http11.py
.venv/lib/python3.11/site-packages/httpcore/_sync/http2.py
.venv/lib/python3.11/site-packages/httpcore/_sync/http_proxy.py
.venv/lib/python3.11/site-packages/httpcore/_sync/interfaces.py
.venv/lib/python3.11/site-packages/httpcore/_sync/socks_proxy.py
.venv/lib/python3.11/site-packages/httpcore/_sync/__pycache__/
.venv/lib/python3.11/site-packages/httptools-0.7.1.dist-info/
.venv/lib/python3.11/site-packages/httptools-0.7.1.dist-info/INSTALLER
.venv/lib/python3.11/site-packages/httptools-0.7.1.dist-info/METADATA
.venv/lib/python3.11/site-packages/httptools-0.7.1.dist-info/RECORD
.venv/lib/python3.11/site-packages/httptools-0.7.1.dist-info/REQUESTED
.venv/lib/python3.11/site-packages/httptools-0.7.1.dist-info/WHEEL
.venv/lib/python3.11/site-packages/httptools-0.7.1.dist-info/top_level.txt
.venv/lib/python3.11/site-packages/httptools-0.7.1.dist-info/licenses/
.venv/lib/python3.11/site-packages/httptools-0.7.1.dist-info/licenses/LICENSE
.venv/lib/python3.11/site-packages/httptools/
.venv/lib/python3.11/site-packages/httptools/__init__.py
.venv/lib/python3.11/site-packages/httptools/_version.py
.venv/lib/python3.11/site-packages/httptools/__pycache__/
.venv/lib/python3.11/site-packages/httptools/parser/
.venv/lib/python3.11/site-packages/httptools/parser/__init__.py
.venv/lib/python3.11/site-packages/httptools/parser/cparser.pxd
.venv/lib/python3.11/site-packages/httptools/parser/errors.py
.venv/lib/python3.11/site-packages/httptools/parser/parser.cpython-311-darwin.so
.venv/lib/python3.11/site-packages/httptools/parser/parser.pyi
.venv/lib/python3.11/site-packages/httptools/parser/parser.pyx
.venv/lib/python3.11/site-packages/httptools/parser/protocol.py
.venv/lib/python3.11/site-packages/httptools/parser/python.pxd
.venv/lib/python3.11/site-packages/httptools/parser/url_cparser.pxd
.venv/lib/python3.11/site-packages/httptools/parser/url_parser.cpython-311-darwin.so
.venv/lib/python3.11/site-packages/httptools/parser/url_parser.pyi
.venv/lib/python3.11/site-packages/httptools/parser/url_parser.pyx
.venv/lib/python3.11/site-packages/httptools/parser/__pycache__/
.venv/lib/python3.11/site-packages/httpx-0.28.1.dist-info/
.venv/lib/python3.11/site-packages/httpx-0.28.1.dist-info/INSTALLER
.venv/lib/python3.11/site-packages/httpx-0.28.1.dist-info/METADATA
.venv/lib/python3.11/site-packages/httpx-0.28.1.dist-info/RECORD
.venv/lib/python3.11/site-packages/httpx-0.28.1.dist-info/WHEEL
.venv/lib/python3.11/site-packages/httpx-0.28.1.dist-info/entry_points.txt
.venv/lib/python3.11/site-packages/httpx-0.28.1.dist-info/licenses/
.venv/lib/python3.11/site-packages/httpx-0.28.1.dist-info/licenses/LICENSE.md
.venv/lib/python3.11/site-packages/httpx/
.venv/lib/python3.11/site-packages/httpx/__init__.py
.venv/lib/python3.11/site-packages/httpx/__version__.py
.venv/lib/python3.11/site-packages/httpx/_api.py
.venv/lib/python3.11/site-packages/httpx/_auth.py
.venv/lib/python3.11/site-packages/httpx/_client.py
.venv/lib/python3.11/site-packages/httpx/_config.py
.venv/lib/python3.11/site-packages/httpx/_content.py
.venv/lib/python3.11/site-packages/httpx/_decoders.py
.venv/lib/python3.11/site-packages/httpx/_exceptions.py
.venv/lib/python3.11/site-packages/httpx/_main.py
.venv/lib/python3.11/site-packages/httpx/_models.py
.venv/lib/python3.11/site-packages/httpx/_multipart.py
.venv/lib/python3.11/site-packages/httpx/_status_codes.py
.venv/lib/python3.11/site-packages/httpx/_types.py
.venv/lib/python3.11/site-packages/httpx/_urlparse.py
.venv/lib/python3.11/site-packages/httpx/_urls.py
.venv/lib/python3.11/site-packages/httpx/_utils.py
.venv/lib/python3.11/site-packages/httpx/py.typed
.venv/lib/python3.11/site-packages/httpx/__pycache__/
.venv/lib/python3.11/site-packages/httpx/_transports/
.venv/lib/python3.11/site-packages/httpx/_transports/__init__.py
.venv/lib/python3.11/site-packages/httpx/_transports/asgi.py
.venv/lib/python3.11/site-packages/httpx/_transports/base.py
.venv/lib/python3.11/site-packages/httpx/_transports/default.py
.venv/lib/python3.11/site-packages/httpx/_transports/mock.py
.venv/lib/python3.11/site-packages/httpx/_transports/wsgi.py
.venv/lib/python3.11/site-packages/httpx/_transports/__pycache__/
.venv/lib/python3.11/site-packages/idna-3.11.dist-info/
.venv/lib/python3.11/site-packages/idna-3.11.dist-info/INSTALLER
.venv/lib/python3.11/site-packages/idna-3.11.dist-info/METADATA
.venv/lib/python3.11/site-packages/idna-3.11.dist-info/RECORD
.venv/lib/python3.11/site-packages/idna-3.11.dist-info/REQUESTED
.venv/lib/python3.11/site-packages/idna-3.11.dist-info/WHEEL
.venv/lib/python3.11/site-packages/idna-3.11.dist-info/licenses/
.venv/lib/python3.11/site-packages/idna-3.11.dist-info/licenses/LICENSE.md
.venv/lib/python3.11/site-packages/idna/
.venv/lib/python3.11/site-packages/idna/__init__.py
.venv/lib/python3.11/site-packages/idna/codec.py
.venv/lib/python3.11/site-packages/idna/compat.py
.venv/lib/python3.11/site-packages/idna/core.py
.venv/lib/python3.11/site-packages/idna/idnadata.py
.venv/lib/python3.11/site-packages/idna/intranges.py
.venv/lib/python3.11/site-packages/idna/package_data.py
.venv/lib/python3.11/site-packages/idna/py.typed
.venv/lib/python3.11/site-packages/idna/uts46data.py
.venv/lib/python3.11/site-packages/idna/__pycache__/
.venv/lib/python3.11/site-packages/jose/
.venv/lib/python3.11/site-packages/jose/__init__.py
.venv/lib/python3.11/site-packages/jose/constants.py
.venv/lib/python3.11/site-packages/jose/exceptions.py
.venv/lib/python3.11/site-packages/jose/jwe.py
.venv/lib/python3.11/site-packages/jose/jwk.py
.venv/lib/python3.11/site-packages/jose/jws.py
.venv/lib/python3.11/site-packages/jose/jwt.py
.venv/lib/python3.11/site-packages/jose/utils.py
.venv/lib/python3.11/site-packages/jose/__pycache__/
.venv/lib/python3.11/site-packages/jose/backends/
.venv/lib/python3.11/site-packages/jose/backends/__init__.py
.venv/lib/python3.11/site-packages/jose/backends/_asn1.py
.venv/lib/python3.11/site-packages/jose/backends/base.py
.venv/lib/python3.11/site-packages/jose/backends/cryptography_backend.py
.venv/lib/python3.11/site-packages/jose/backends/ecdsa_backend.py
.venv/lib/python3.11/site-packages/jose/backends/native.py
.venv/lib/python3.11/site-packages/jose/backends/rsa_backend.py
.venv/lib/python3.11/site-packages/jose/backends/__pycache__/
.venv/lib/python3.11/site-packages/lxml-6.0.2.dist-info/
.venv/lib/python3.11/site-packages/lxml-6.0.2.dist-info/INSTALLER
.venv/lib/python3.11/site-packages/lxml-6.0.2.dist-info/METADATA
.venv/lib/python3.11/site-packages/lxml-6.0.2.dist-info/RECORD
.venv/lib/python3.11/site-packages/lxml-6.0.2.dist-info/WHEEL
.venv/lib/python3.11/site-packages/lxml-6.0.2.dist-info/top_level.txt
.venv/lib/python3.11/site-packages/lxml-6.0.2.dist-info/licenses/
.venv/lib/python3.11/site-packages/lxml-6.0.2.dist-info/licenses/LICENSE.txt
.venv/lib/python3.11/site-packages/lxml-6.0.2.dist-info/licenses/LICENSES.txt
.venv/lib/python3.11/site-packages/lxml/
.venv/lib/python3.11/site-packages/lxml/ElementInclude.py
.venv/lib/python3.11/site-packages/lxml/__init__.py
.venv/lib/python3.11/site-packages/lxml/_elementpath.cpython-311-darwin.so
.venv/lib/python3.11/site-packages/lxml/_elementpath.py
.venv/lib/python3.11/site-packages/lxml/apihelpers.pxi
.venv/lib/python3.11/site-packages/lxml/builder.cpython-311-darwin.so
.venv/lib/python3.11/site-packages/lxml/builder.py
.venv/lib/python3.11/site-packages/lxml/classlookup.pxi
.venv/lib/python3.11/site-packages/lxml/cleanup.pxi
.venv/lib/python3.11/site-packages/lxml/cssselect.py
.venv/lib/python3.11/site-packages/lxml/debug.pxi
.venv/lib/python3.11/site-packages/lxml/docloader.pxi
.venv/lib/python3.11/site-packages/lxml/doctestcompare.py
.venv/lib/python3.11/site-packages/lxml/dtd.pxi
.venv/lib/python3.11/site-packages/lxml/etree.cpython-311-darwin.so
.venv/lib/python3.11/site-packages/lxml/etree.h
.venv/lib/python3.11/site-packages/lxml/etree.pyx
.venv/lib/python3.11/site-packages/lxml/etree_api.h
.venv/lib/python3.11/site-packages/lxml/extensions.pxi
.venv/lib/python3.11/site-packages/lxml/iterparse.pxi
.venv/lib/python3.11/site-packages/lxml/lxml.etree.h
.venv/lib/python3.11/site-packages/lxml/lxml.etree_api.h
.venv/lib/python3.11/site-packages/lxml/nsclasses.pxi
.venv/lib/python3.11/site-packages/lxml/objectify.cpython-311-darwin.so
.venv/lib/python3.11/site-packages/lxml/objectify.pyx
.venv/lib/python3.11/site-packages/lxml/objectpath.pxi
.venv/lib/python3.11/site-packages/lxml/parser.pxi
.venv/lib/python3.11/site-packages/lxml/parsertarget.pxi
.venv/lib/python3.11/site-packages/lxml/proxy.pxi
.venv/lib/python3.11/site-packages/lxml/public-api.pxi
.venv/lib/python3.11/site-packages/lxml/pyclasslookup.py
.venv/lib/python3.11/site-packages/lxml/readonlytree.pxi
.venv/lib/python3.11/site-packages/lxml/relaxng.pxi
.venv/lib/python3.11/site-packages/lxml/sax.cpython-311-darwin.so
.venv/lib/python3.11/site-packages/lxml/sax.py
.venv/lib/python3.11/site-packages/lxml/saxparser.pxi
.venv/lib/python3.11/site-packages/lxml/schematron.pxi
.venv/lib/python3.11/site-packages/lxml/serializer.pxi
.venv/lib/python3.11/site-packages/lxml/usedoctest.py
.venv/lib/python3.11/site-packages/lxml/xinclude.pxi
.venv/lib/python3.11/site-packages/lxml/xmlerror.pxi
.venv/lib/python3.11/site-packages/lxml/xmlid.pxi
.venv/lib/python3.11/site-packages/lxml/xmlschema.pxi
.venv/lib/python3.11/site-packages/lxml/xpath.pxi
.venv/lib/python3.11/site-packages/lxml/xslt.pxi
.venv/lib/python3.11/site-packages/lxml/xsltext.pxi
.venv/lib/python3.11/site-packages/lxml/__pycache__/
.venv/lib/python3.11/site-packages/lxml/html/
.venv/lib/python3.11/site-packages/lxml/html/ElementSoup.py
.venv/lib/python3.11/site-packages/lxml/html/__init__.py
.venv/lib/python3.11/site-packages/lxml/html/_diffcommand.py
.venv/lib/python3.11/site-packages/lxml/html/_difflib.cpython-311-darwin.so
.venv/lib/python3.11/site-packages/lxml/html/_difflib.py
.venv/lib/python3.11/site-packages/lxml/html/_html5builder.py
.venv/lib/python3.11/site-packages/lxml/html/_setmixin.py
.venv/lib/python3.11/site-packages/lxml/html/builder.py
.venv/lib/python3.11/site-packages/lxml/html/clean.py
.venv/lib/python3.11/site-packages/lxml/html/defs.py
.venv/lib/python3.11/site-packages/lxml/html/diff.cpython-311-darwin.so
.venv/lib/python3.11/site-packages/lxml/html/diff.py
.venv/lib/python3.11/site-packages/lxml/html/formfill.py
.venv/lib/python3.11/site-packages/lxml/html/html5parser.py
.venv/lib/python3.11/site-packages/lxml/html/soupparser.py
.venv/lib/python3.11/site-packages/lxml/html/usedoctest.py
.venv/lib/python3.11/site-packages/lxml/html/__pycache__/
.venv/lib/python3.11/site-packages/lxml/includes/
.venv/lib/python3.11/site-packages/lxml/includes/__init__.pxd
.venv/lib/python3.11/site-packages/lxml/includes/__init__.py
.venv/lib/python3.11/site-packages/lxml/includes/c14n.pxd
.venv/lib/python3.11/site-packages/lxml/includes/config.pxd
.venv/lib/python3.11/site-packages/lxml/includes/dtdvalid.pxd
.venv/lib/python3.11/site-packages/lxml/includes/etree_defs.h
.venv/lib/python3.11/site-packages/lxml/includes/etreepublic.pxd
.venv/lib/python3.11/site-packages/lxml/includes/htmlparser.pxd
.venv/lib/python3.11/site-packages/lxml/includes/lxml-version.h
.venv/lib/python3.11/site-packages/lxml/includes/relaxng.pxd
.venv/lib/python3.11/site-packages/lxml/includes/schematron.pxd
.venv/lib/python3.11/site-packages/lxml/includes/tree.pxd
.venv/lib/python3.11/site-packages/lxml/includes/uri.pxd
.venv/lib/python3.11/site-packages/lxml/includes/xinclude.pxd
.venv/lib/python3.11/site-packages/lxml/includes/xmlerror.pxd
.venv/lib/python3.11/site-packages/lxml/includes/xmlparser.pxd
.venv/lib/python3.11/site-packages/lxml/includes/xmlschema.pxd
.venv/lib/python3.11/site-packages/lxml/includes/xpath.pxd
.venv/lib/python3.11/site-packages/lxml/includes/xslt.pxd
.venv/lib/python3.11/site-packages/lxml/includes/__pycache__/
.venv/lib/python3.11/site-packages/lxml/includes/extlibs/
.venv/lib/python3.11/site-packages/lxml/includes/extlibs/__init__.py
.venv/lib/python3.11/site-packages/lxml/includes/extlibs/libcharset.h
.venv/lib/python3.11/site-packages/lxml/includes/extlibs/localcharset.h
.venv/lib/python3.11/site-packages/lxml/includes/extlibs/zconf.h
.venv/lib/python3.11/site-packages/lxml/includes/extlibs/zlib.h
.venv/lib/python3.11/site-packages/lxml/includes/extlibs/__pycache__/
.venv/lib/python3.11/site-packages/lxml/includes/libexslt/
.venv/lib/python3.11/site-packages/lxml/includes/libexslt/__init__.py
.venv/lib/python3.11/site-packages/lxml/includes/libexslt/exslt.h
.venv/lib/python3.11/site-packages/lxml/includes/libexslt/exsltconfig.h
.venv/lib/python3.11/site-packages/lxml/includes/libexslt/exsltexports.h
.venv/lib/python3.11/site-packages/lxml/includes/libexslt/__pycache__/
.venv/lib/python3.11/site-packages/lxml/includes/libxml/
.venv/lib/python3.11/site-packages/lxml/includes/libxml/HTMLparser.h
.venv/lib/python3.11/site-packages/lxml/includes/libxml/HTMLtree.h
.venv/lib/python3.11/site-packages/lxml/includes/libxml/SAX.h
.venv/lib/python3.11/site-packages/lxml/includes/libxml/SAX2.h
.venv/lib/python3.11/site-packages/lxml/includes/libxml/__init__.py
.venv/lib/python3.11/site-packages/lxml/includes/libxml/c14n.h
.venv/lib/python3.11/site-packages/lxml/includes/libxml/catalog.h
.venv/lib/python3.11/site-packages/lxml/includes/libxml/chvalid.h
.venv/lib/python3.11/site-packages/lxml/includes/libxml/debugXML.h
.venv/lib/python3.11/site-packages/lxml/includes/libxml/dict.h
.venv/lib/python3.11/site-packages/lxml/includes/libxml/encoding.h
.venv/lib/python3.11/site-packages/lxml/includes/libxml/entities.h
.venv/lib/python3.11/site-packages/lxml/includes/libxml/globals.h
.venv/lib/python3.11/site-packages/lxml/includes/libxml/hash.h
.venv/lib/python3.11/site-packages/lxml/includes/libxml/list.h
.venv/lib/python3.11/site-packages/lxml/includes/libxml/nanoftp.h
.venv/lib/python3.11/site-packages/lxml/includes/libxml/nanohttp.h
.venv/lib/python3.11/site-packages/lxml/includes/libxml/parser.h
.venv/lib/python3.11/site-packages/lxml/includes/libxml/parserInternals.h
.venv/lib/python3.11/site-packages/lxml/includes/libxml/relaxng.h
.venv/lib/python3.11/site-packages/lxml/includes/libxml/schemasInternals.h
.venv/lib/python3.11/site-packages/lxml/includes/libxml/schematron.h
.venv/lib/python3.11/site-packages/lxml/includes/libxml/threads.h
.venv/lib/python3.11/site-packages/lxml/includes/libxml/tree.h
.venv/lib/python3.11/site-packages/lxml/includes/libxml/uri.h
.venv/lib/python3.11/site-packages/lxml/includes/libxml/valid.h
.venv/lib/python3.11/site-packages/lxml/includes/libxml/xinclude.h
.venv/lib/python3.11/site-packages/lxml/includes/libxml/xlink.h
.venv/lib/python3.11/site-packages/lxml/includes/libxml/xmlIO.h
.venv/lib/python3.11/site-packages/lxml/includes/libxml/xmlautomata.h
.venv/lib/python3.11/site-packages/lxml/includes/libxml/xmlerror.h
.venv/lib/python3.11/site-packages/lxml/includes/libxml/xmlexports.h
.venv/lib/python3.11/site-packages/lxml/includes/libxml/xmlmemory.h
.venv/lib/python3.11/site-packages/lxml/includes/libxml/xmlmodule.h
.venv/lib/python3.11/site-packages/lxml/includes/libxml/xmlreader.h
.venv/lib/python3.11/site-packages/lxml/includes/libxml/xmlregexp.h
.venv/lib/python3.11/site-packages/lxml/includes/libxml/xmlsave.h
.venv/lib/python3.11/site-packages/lxml/includes/libxml/xmlschemas.h
.venv/lib/python3.11/site-packages/lxml/includes/libxml/xmlschemastypes.h
.venv/lib/python3.11/site-packages/lxml/includes/libxml/xmlstring.h
.venv/lib/python3.11/site-packages/lxml/includes/libxml/xmlunicode.h
.venv/lib/python3.11/site-packages/lxml/includes/libxml/xmlversion.h
.venv/lib/python3.11/site-packages/lxml/includes/libxml/xmlwriter.h
.venv/lib/python3.11/site-packages/lxml/includes/libxml/xpath.h
.venv/lib/python3.11/site-packages/lxml/includes/libxml/xpathInternals.h
.venv/lib/python3.11/site-packages/lxml/includes/libxml/xpointer.h
.venv/lib/python3.11/site-packages/lxml/includes/libxml/__pycache__/
.venv/lib/python3.11/site-packages/lxml/includes/libxslt/
.venv/lib/python3.11/site-packages/lxml/includes/libxslt/__init__.py
.venv/lib/python3.11/site-packages/lxml/includes/libxslt/attributes.h
.venv/lib/python3.11/site-packages/lxml/includes/libxslt/documents.h
.venv/lib/python3.11/site-packages/lxml/includes/libxslt/extensions.h
.venv/lib/python3.11/site-packages/lxml/includes/libxslt/extra.h
.venv/lib/python3.11/site-packages/lxml/includes/libxslt/functions.h
.venv/lib/python3.11/site-packages/lxml/includes/libxslt/imports.h
.venv/lib/python3.11/site-packages/lxml/includes/libxslt/keys.h
.venv/lib/python3.11/site-packages/lxml/includes/libxslt/namespaces.h
.venv/lib/python3.11/site-packages/lxml/includes/libxslt/numbersInternals.h
.venv/lib/python3.11/site-packages/lxml/includes/libxslt/pattern.h
.venv/lib/python3.11/site-packages/lxml/includes/libxslt/preproc.h
.venv/lib/python3.11/site-packages/lxml/includes/libxslt/security.h
.venv/lib/python3.11/site-packages/lxml/includes/libxslt/templates.h
.venv/lib/python3.11/site-packages/lxml/includes/libxslt/transform.h
.venv/lib/python3.11/site-packages/lxml/includes/libxslt/variables.h
.venv/lib/python3.11/site-packages/lxml/includes/libxslt/xslt.h
.venv/lib/python3.11/site-packages/lxml/includes/libxslt/xsltInternals.h
.venv/lib/python3.11/site-packages/lxml/includes/libxslt/xsltconfig.h
.venv/lib/python3.11/site-packages/lxml/includes/libxslt/xsltexports.h
.venv/lib/python3.11/site-packages/lxml/includes/libxslt/xsltlocale.h
.venv/lib/python3.11/site-packages/lxml/includes/libxslt/xsltutils.h
.venv/lib/python3.11/site-packages/lxml/includes/libxslt/__pycache__/
.venv/lib/python3.11/site-packages/lxml/isoschematron/
.venv/lib/python3.11/site-packages/lxml/isoschematron/__init__.py
.venv/lib/python3.11/site-packages/lxml/isoschematron/__pycache__/
.venv/lib/python3.11/site-packages/lxml/isoschematron/resources/
.venv/lib/python3.11/site-packages/lxml/isoschematron/resources/rng/
.venv/lib/python3.11/site-packages/lxml/isoschematron/resources/rng/iso-schematron.rng
.venv/lib/python3.11/site-packages/lxml/isoschematron/resources/xsl/
.venv/lib/python3.11/site-packages/lxml/isoschematron/resources/xsl/RNG2Schtrn.xsl
.venv/lib/python3.11/site-packages/lxml/isoschematron/resources/xsl/XSD2Schtrn.xsl
.venv/lib/python3.11/site-packages/lxml/isoschematron/resources/xsl/iso-schematron-xslt1/
.venv/lib/python3.11/site-packages/lxml/isoschematron/resources/xsl/iso-schematron-xslt1/iso_abstract_expand.xsl
.venv/lib/python3.11/site-packages/lxml/isoschematron/resources/xsl/iso-schematron-xslt1/iso_dsdl_include.xsl
.venv/lib/python3.11/site-packages/lxml/isoschematron/resources/xsl/iso-schematron-xslt1/iso_schematron_message.xsl
.venv/lib/python3.11/site-packages/lxml/isoschematron/resources/xsl/iso-schematron-xslt1/iso_schematron_skeleton_for_xslt1.xsl
.venv/lib/python3.11/site-packages/lxml/isoschematron/resources/xsl/iso-schematron-xslt1/iso_svrl_for_xslt1.xsl
.venv/lib/python3.11/site-packages/lxml/isoschematron/resources/xsl/iso-schematron-xslt1/readme.txt
.venv/lib/python3.11/site-packages/multipart/
.venv/lib/python3.11/site-packages/multipart/__init__.py
.venv/lib/python3.11/site-packages/multipart/decoders.py
.venv/lib/python3.11/site-packages/multipart/exceptions.py
.venv/lib/python3.11/site-packages/multipart/multipart.py
.venv/lib/python3.11/site-packages/multipart/__pycache__/
.venv/lib/python3.11/site-packages/passlib-1.7.4.dist-info/
.venv/lib/python3.11/site-packages/passlib-1.7.4.dist-info/INSTALLER
.venv/lib/python3.11/site-packages/passlib-1.7.4.dist-info/LICENSE
.venv/lib/python3.11/site-packages/passlib-1.7.4.dist-info/METADATA
.venv/lib/python3.11/site-packages/passlib-1.7.4.dist-info/RECORD
.venv/lib/python3.11/site-packages/passlib-1.7.4.dist-info/REQUESTED
.venv/lib/python3.11/site-packages/passlib-1.7.4.dist-info/WHEEL
.venv/lib/python3.11/site-packages/passlib-1.7.4.dist-info/top_level.txt
.venv/lib/python3.11/site-packages/passlib-1.7.4.dist-info/zip-safe
.venv/lib/python3.11/site-packages/passlib/
.venv/lib/python3.11/site-packages/passlib/__init__.py
.venv/lib/python3.11/site-packages/passlib/apache.py
.venv/lib/python3.11/site-packages/passlib/apps.py
.venv/lib/python3.11/site-packages/passlib/context.py
.venv/lib/python3.11/site-packages/passlib/exc.py
.venv/lib/python3.11/site-packages/passlib/hash.py
.venv/lib/python3.11/site-packages/passlib/hosts.py
.venv/lib/python3.11/site-packages/passlib/ifc.py
.venv/lib/python3.11/site-packages/passlib/pwd.py
.venv/lib/python3.11/site-packages/passlib/registry.py
.venv/lib/python3.11/site-packages/passlib/totp.py
.venv/lib/python3.11/site-packages/passlib/win32.py
.venv/lib/python3.11/site-packages/passlib/__pycache__/
.venv/lib/python3.11/site-packages/passlib/_data/
.venv/lib/python3.11/site-packages/passlib/_data/wordsets/
.venv/lib/python3.11/site-packages/passlib/_data/wordsets/bip39.txt
.venv/lib/python3.11/site-packages/passlib/_data/wordsets/eff_long.txt
.venv/lib/python3.11/site-packages/passlib/_data/wordsets/eff_prefixed.txt
.venv/lib/python3.11/site-packages/passlib/_data/wordsets/eff_short.txt
.venv/lib/python3.11/site-packages/passlib/crypto/
.venv/lib/python3.11/site-packages/passlib/crypto/__init__.py
.venv/lib/python3.11/site-packages/passlib/crypto/_md4.py
.venv/lib/python3.11/site-packages/passlib/crypto/des.py
.venv/lib/python3.11/site-packages/passlib/crypto/digest.py
.venv/lib/python3.11/site-packages/passlib/crypto/__pycache__/
.venv/lib/python3.11/site-packages/passlib/crypto/_blowfish/
.venv/lib/python3.11/site-packages/passlib/crypto/_blowfish/__init__.py
.venv/lib/python3.11/site-packages/passlib/crypto/_blowfish/_gen_files.py
.venv/lib/python3.11/site-packages/passlib/crypto/_blowfish/base.py
.venv/lib/python3.11/site-packages/passlib/crypto/_blowfish/unrolled.py
.venv/lib/python3.11/site-packages/passlib/crypto/_blowfish/__pycache__/
.venv/lib/python3.11/site-packages/passlib/crypto/scrypt/
.venv/lib/python3.11/site-packages/passlib/crypto/scrypt/__init__.py
.venv/lib/python3.11/site-packages/passlib/crypto/scrypt/_builtin.py
.venv/lib/python3.11/site-packages/passlib/crypto/scrypt/_gen_files.py
.venv/lib/python3.11/site-packages/passlib/crypto/scrypt/_salsa.py
.venv/lib/python3.11/site-packages/passlib/crypto/scrypt/__pycache__/
.venv/lib/python3.11/site-packages/passlib/ext/
.venv/lib/python3.11/site-packages/passlib/ext/__init__.py
.venv/lib/python3.11/site-packages/passlib/ext/__pycache__/
.venv/lib/python3.11/site-packages/passlib/ext/django/
.venv/lib/python3.11/site-packages/passlib/ext/django/__init__.py
.venv/lib/python3.11/site-packages/passlib/ext/django/models.py
.venv/lib/python3.11/site-packages/passlib/ext/django/utils.py
.venv/lib/python3.11/site-packages/passlib/ext/django/__pycache__/
.venv/lib/python3.11/site-packages/passlib/handlers/
.venv/lib/python3.11/site-packages/passlib/handlers/__init__.py
.venv/lib/python3.11/site-packages/passlib/handlers/argon2.py
.venv/lib/python3.11/site-packages/passlib/handlers/bcrypt.py
.venv/lib/python3.11/site-packages/passlib/handlers/cisco.py
.venv/lib/python3.11/site-packages/passlib/handlers/des_crypt.py
.venv/lib/python3.11/site-packages/passlib/handlers/digests.py
.venv/lib/python3.11/site-packages/passlib/handlers/django.py
.venv/lib/python3.11/site-packages/passlib/handlers/fshp.py
.venv/lib/python3.11/site-packages/passlib/handlers/ldap_digests.py
.venv/lib/python3.11/site-packages/passlib/handlers/md5_crypt.py
.venv/lib/python3.11/site-packages/passlib/handlers/misc.py
.venv/lib/python3.11/site-packages/passlib/handlers/mssql.py
.venv/lib/python3.11/site-packages/passlib/handlers/mysql.py
.venv/lib/python3.11/site-packages/passlib/handlers/oracle.py
.venv/lib/python3.11/site-packages/passlib/handlers/pbkdf2.py
.venv/lib/python3.11/site-packages/passlib/handlers/phpass.py
.venv/lib/python3.11/site-packages/passlib/handlers/postgres.py
.venv/lib/python3.11/site-packages/passlib/handlers/roundup.py
.venv/lib/python3.11/site-packages/passlib/handlers/scram.py
.venv/lib/python3.11/site-packages/passlib/handlers/scrypt.py
.venv/lib/python3.11/site-packages/passlib/handlers/sha1_crypt.py
.venv/lib/python3.11/site-packages/passlib/handlers/sha2_crypt.py
.venv/lib/python3.11/site-packages/passlib/handlers/sun_md5_crypt.py
.venv/lib/python3.11/site-packages/passlib/handlers/windows.py
.venv/lib/python3.11/site-packages/passlib/handlers/__pycache__/
.venv/lib/python3.11/site-packages/passlib/tests/
.venv/lib/python3.11/site-packages/passlib/tests/__init__.py
.venv/lib/python3.11/site-packages/passlib/tests/__main__.py
.venv/lib/python3.11/site-packages/passlib/tests/_test_bad_register.py
.venv/lib/python3.11/site-packages/passlib/tests/backports.py
.venv/lib/python3.11/site-packages/passlib/tests/sample1.cfg
.venv/lib/python3.11/site-packages/passlib/tests/sample1b.cfg
.venv/lib/python3.11/site-packages/passlib/tests/sample1c.cfg
.venv/lib/python3.11/site-packages/passlib/tests/sample_config_1s.cfg
.venv/lib/python3.11/site-packages/passlib/tests/test_apache.py
.venv/lib/python3.11/site-packages/passlib/tests/test_apps.py
.venv/lib/python3.11/site-packages/passlib/tests/test_context.py
.venv/lib/python3.11/site-packages/passlib/tests/test_context_deprecated.py
.venv/lib/python3.11/site-packages/passlib/tests/test_crypto_builtin_md4.py
.venv/lib/python3.11/site-packages/passlib/tests/test_crypto_des.py
.venv/lib/python3.11/site-packages/passlib/tests/test_crypto_digest.py
.venv/lib/python3.11/site-packages/passlib/tests/test_crypto_scrypt.py
.venv/lib/python3.11/site-packages/passlib/tests/test_ext_django.py
.venv/lib/python3.11/site-packages/passlib/tests/test_ext_django_source.py
.venv/lib/python3.11/site-packages/passlib/tests/test_handlers.py
.venv/lib/python3.11/site-packages/passlib/tests/test_handlers_argon2.py
.venv/lib/python3.11/site-packages/passlib/tests/test_handlers_bcrypt.py
.venv/lib/python3.11/site-packages/passlib/tests/test_handlers_cisco.py
.venv/lib/python3.11/site-packages/passlib/tests/test_handlers_django.py
.venv/lib/python3.11/site-packages/passlib/tests/test_handlers_pbkdf2.py
.venv/lib/python3.11/site-packages/passlib/tests/test_handlers_scrypt.py
.venv/lib/python3.11/site-packages/passlib/tests/test_hosts.py
.venv/lib/python3.11/site-packages/passlib/tests/test_pwd.py
.venv/lib/python3.11/site-packages/passlib/tests/test_registry.py
.venv/lib/python3.11/site-packages/passlib/tests/test_totp.py
.venv/lib/python3.11/site-packages/passlib/tests/test_utils.py
.venv/lib/python3.11/site-packages/passlib/tests/test_utils_handlers.py
.venv/lib/python3.11/site-packages/passlib/tests/test_utils_md4.py
.venv/lib/python3.11/site-packages/passlib/tests/test_utils_pbkdf2.py
.venv/lib/python3.11/site-packages/passlib/tests/test_win32.py
.venv/lib/python3.11/site-packages/passlib/tests/tox_support.py
.venv/lib/python3.11/site-packages/passlib/tests/utils.py
.venv/lib/python3.11/site-packages/passlib/tests/__pycache__/
.venv/lib/python3.11/site-packages/passlib/utils/
.venv/lib/python3.11/site-packages/passlib/utils/__init__.py
.venv/lib/python3.11/site-packages/passlib/utils/binary.py
.venv/lib/python3.11/site-packages/passlib/utils/decor.py
.venv/lib/python3.11/site-packages/passlib/utils/des.py
.venv/lib/python3.11/site-packages/passlib/utils/handlers.py
.venv/lib/python3.11/site-packages/passlib/utils/md4.py
.venv/lib/python3.11/site-packages/passlib/utils/pbkdf2.py
.venv/lib/python3.11/site-packages/passlib/utils/__pycache__/
.venv/lib/python3.11/site-packages/passlib/utils/compat/
.venv/lib/python3.11/site-packages/passlib/utils/compat/__init__.py
.venv/lib/python3.11/site-packages/passlib/utils/compat/_ordered_dict.py
.venv/lib/python3.11/site-packages/passlib/utils/compat/__pycache__/
.venv/lib/python3.11/site-packages/pdfminer/
.venv/lib/python3.11/site-packages/pdfminer/__init__.py
.venv/lib/python3.11/site-packages/pdfminer/_saslprep.py
.venv/lib/python3.11/site-packages/pdfminer/arcfour.py
.venv/lib/python3.11/site-packages/pdfminer/ascii85.py
.venv/lib/python3.11/site-packages/pdfminer/casting.py
.venv/lib/python3.11/site-packages/pdfminer/ccitt.py
.venv/lib/python3.11/site-packages/pdfminer/cmapdb.py
.venv/lib/python3.11/site-packages/pdfminer/converter.py
.venv/lib/python3.11/site-packages/pdfminer/data_structures.py
.venv/lib/python3.11/site-packages/pdfminer/encodingdb.py
.venv/lib/python3.11/site-packages/pdfminer/fontmetrics.py
.venv/lib/python3.11/site-packages/pdfminer/glyphlist.py
.venv/lib/python3.11/site-packages/pdfminer/high_level.py
.venv/lib/python3.11/site-packages/pdfminer/image.py
.venv/lib/python3.11/site-packages/pdfminer/jbig2.py
.venv/lib/python3.11/site-packages/pdfminer/latin_enc.py
.venv/lib/python3.11/site-packages/pdfminer/layout.py
.venv/lib/python3.11/site-packages/pdfminer/lzw.py
.venv/lib/python3.11/site-packages/pdfminer/pdfcolor.py
.venv/lib/python3.11/site-packages/pdfminer/pdfdevice.py
.venv/lib/python3.11/site-packages/pdfminer/pdfdocument.py
.venv/lib/python3.11/site-packages/pdfminer/pdfexceptions.py
.venv/lib/python3.11/site-packages/pdfminer/pdffont.py
.venv/lib/python3.11/site-packages/pdfminer/pdfinterp.py
.venv/lib/python3.11/site-packages/pdfminer/pdfpage.py
.venv/lib/python3.11/site-packages/pdfminer/pdfparser.py
.venv/lib/python3.11/site-packages/pdfminer/pdftypes.py
.venv/lib/python3.11/site-packages/pdfminer/psexceptions.py
.venv/lib/python3.11/site-packages/pdfminer/psparser.py
.venv/lib/python3.11/site-packages/pdfminer/py.typed
.venv/lib/python3.11/site-packages/pdfminer/runlength.py
.venv/lib/python3.11/site-packages/pdfminer/settings.py
.venv/lib/python3.11/site-packages/pdfminer/utils.py
.venv/lib/python3.11/site-packages/pdfminer/__pycache__/
.venv/lib/python3.11/site-packages/pdfminer/cmap/
.venv/lib/python3.11/site-packages/pdfminer/cmap/78-EUC-H.json.gz
.venv/lib/python3.11/site-packages/pdfminer/cmap/78-EUC-V.json.gz
.venv/lib/python3.11/site-packages/pdfminer/cmap/78-H.json.gz
.venv/lib/python3.11/site-packages/pdfminer/cmap/78-RKSJ-H.json.gz
.venv/lib/python3.11/site-packages/pdfminer/cmap/78-RKSJ-V.json.gz
.venv/lib/python3.11/site-packages/pdfminer/cmap/78-V.json.gz
.venv/lib/python3.11/site-packages/pdfminer/cmap/78ms-RKSJ-H.json.gz
.venv/lib/python3.11/site-packages/pdfminer/cmap/78ms-RKSJ-V.json.gz
.venv/lib/python3.11/site-packages/pdfminer/cmap/83pv-RKSJ-H.json.gz
.venv/lib/python3.11/site-packages/pdfminer/cmap/83pv-RKSJ-V.json.gz
.venv/lib/python3.11/site-packages/pdfminer/cmap/90ms-RKSJ-H.json.gz
.venv/lib/python3.11/site-packages/pdfminer/cmap/90ms-RKSJ-V.json.gz
.venv/lib/python3.11/site-packages/pdfminer/cmap/90msp-RKSJ-H.json.gz
.venv/lib/python3.11/site-packages/pdfminer/cmap/90msp-RKSJ-V.json.gz
.venv/lib/python3.11/site-packages/pdfminer/cmap/90pv-RKSJ-H.json.gz
.venv/lib/python3.11/site-packages/pdfminer/cmap/90pv-RKSJ-V.json.gz
.venv/lib/python3.11/site-packages/pdfminer/cmap/Add-H.json.gz
.venv/lib/python3.11/site-packages/pdfminer/cmap/Add-RKSJ-H.json.gz
.venv/lib/python3.11/site-packages/pdfminer/cmap/Add-RKSJ-V.json.gz
.venv/lib/python3.11/site-packages/pdfminer/cmap/Add-V.json.gz
.venv/lib/python3.11/site-packages/pdfminer/cmap/B5-H.json.gz
.venv/lib/python3.11/site-packages/pdfminer/cmap/B5-V.json.gz
.venv/lib/python3.11/site-packages/pdfminer/cmap/B5pc-H.json.gz
.venv/lib/python3.11/site-packages/pdfminer/cmap/B5pc-V.json.gz
.venv/lib/python3.11/site-packages/pdfminer/cmap/CNS-EUC-H.json.gz
.venv/lib/python3.11/site-packages/pdfminer/cmap/CNS-EUC-V.json.gz
.venv/lib/python3.11/site-packages/pdfminer/cmap/CNS1-H.json.gz
.venv/lib/python3.11/site-packages/pdfminer/cmap/CNS1-V.json.gz
.venv/lib/python3.11/site-packages/pdfminer/cmap/CNS2-H.json.gz
.venv/lib/python3.11/site-packages/pdfminer/cmap/CNS2-V.json.gz
.venv/lib/python3.11/site-packages/pdfminer/cmap/ETHK-B5-H.json.gz
.venv/lib/python3.11/site-packages/pdfminer/cmap/ETHK-B5-V.json.gz
.venv/lib/python3.11/site-packages/pdfminer/cmap/ETen-B5-H.json.gz
.venv/lib/python3.11/site-packages/pdfminer/cmap/ETen-B5-V.json.gz
.venv/lib/python3.11/site-packages/pdfminer/cmap/ETenms-B5-H.json.gz
.venv/lib/python3.11/site-packages/pdfminer/cmap/ETenms-B5-V.json.gz
.venv/lib/python3.11/site-packages/pdfminer/cmap/EUC-H.json.gz
.venv/lib/python3.11/site-packages/pdfminer/cmap/EUC-V.json.gz
.venv/lib/python3.11/site-packages/pdfminer/cmap/Ext-H.json.gz
.venv/lib/python3.11/site-packages/pdfminer/cmap/Ext-RKSJ-H.json.gz
.venv/lib/python3.11/site-packages/pdfminer/cmap/Ext-RKSJ-V.json.gz
.venv/lib/python3.11/site-packages/pdfminer/cmap/Ext-V.json.gz
.venv/lib/python3.11/site-packages/pdfminer/cmap/GB-EUC-H.json.gz
.venv/lib/python3.11/site-packages/pdfminer/cmap/GB-EUC-V.json.gz
.venv/lib/python3.11/site-packages/pdfminer/cmap/GB-H.json.gz
.venv/lib/python3.11/site-packages/pdfminer/cmap/GB-V.json.gz
.venv/lib/python3.11/site-packages/pdfminer/cmap/GBK-EUC-H.json.gz
.venv/lib/python3.11/site-packages/pdfminer/cmap/GBK-EUC-V.json.gz
.venv/lib/python3.11/site-packages/pdfminer/cmap/GBK2K-H.json.gz
.venv/lib/python3.11/site-packages/pdfminer/cmap/GBK2K-V.json.gz
.venv/lib/python3.11/site-packages/pdfminer/cmap/GBKp-EUC-H.json.gz
.venv/lib/python3.11/site-packages/pdfminer/cmap/GBKp-EUC-V.json.gz
.venv/lib/python3.11/site-packages/pdfminer/cmap/GBT-EUC-H.json.gz
.venv/lib/python3.11/site-packages/pdfminer/cmap/GBT-EUC-V.json.gz
.venv/lib/python3.11/site-packages/pdfminer/cmap/GBT-H.json.gz
.venv/lib/python3.11/site-packages/pdfminer/cmap/GBT-V.json.gz
.venv/lib/python3.11/site-packages/pdfminer/cmap/GBTpc-EUC-H.json.gz
.venv/lib/python3.11/site-packages/pdfminer/cmap/GBTpc-EUC-V.json.gz
.venv/lib/python3.11/site-packages/pdfminer/cmap/GBpc-EUC-H.json.gz
.venv/lib/python3.11/site-packages/pdfminer/cmap/GBpc-EUC-V.json.gz
.venv/lib/python3.11/site-packages/pdfminer/cmap/H.json.gz
.venv/lib/python3.11/site-packages/pdfminer/cmap/HKdla-B5-H.json.gz
.venv/lib/python3.11/site-packages/pdfminer/cmap/HKdla-B5-V.json.gz
.venv/lib/python3.11/site-packages/pdfminer/cmap/HKdlb-B5-H.json.gz
.venv/lib/python3.11/site-packages/pdfminer/cmap/HKdlb-B5-V.json.gz
.venv/lib/python3.11/site-packages/pdfminer/cmap/HKgccs-B5-H.json.gz
.venv/lib/python3.11/site-packages/pdfminer/cmap/HKgccs-B5-V.json.gz
.venv/lib/python3.11/site-packages/pdfminer/cmap/HKm314-B5-H.json.gz
.venv/lib/python3.11/site-packages/pdfminer/cmap/HKm314-B5-V.json.gz
.venv/lib/python3.11/site-packages/pdfminer/cmap/HKm471-B5-H.json.gz
.venv/lib/python3.11/site-packages/pdfminer/cmap/HKm471-B5-V.json.gz
.venv/lib/python3.11/site-packages/pdfminer/cmap/HKscs-B5-H.json.gz
.venv/lib/python3.11/site-packages/pdfminer/cmap/HKscs-B5-V.json.gz
.venv/lib/python3.11/site-packages/pdfminer/cmap/Hankaku-H.json.gz
.venv/lib/python3.11/site-packages/pdfminer/cmap/Hankaku-V.json.gz
.venv/lib/python3.11/site-packages/pdfminer/cmap/Hiragana-H.json.gz
.venv/lib/python3.11/site-packages/pdfminer/cmap/Hiragana-V.json.gz
.venv/lib/python3.11/site-packages/pdfminer/cmap/KSC-EUC-H.json.gz
.venv/lib/python3.11/site-packages/pdfminer/cmap/KSC-EUC-V.json.gz
.venv/lib/python3.11/site-packages/pdfminer/cmap/KSC-H.json.gz
.venv/lib/python3.11/site-packages/pdfminer/cmap/KSC-Johab-H.json.gz
.venv/lib/python3.11/site-packages/pdfminer/cmap/KSC-Johab-V.json.gz
.venv/lib/python3.11/site-packages/pdfminer/cmap/KSC-V.json.gz
.venv/lib/python3.11/site-packages/pdfminer/cmap/KSCms-UHC-H.json.gz
.venv/lib/python3.11/site-packages/pdfminer/cmap/KSCms-UHC-HW-H.json.gz
.venv/lib/python3.11/site-packages/pdfminer/cmap/KSCms-UHC-HW-V.json.gz
.venv/lib/python3.11/site-packages/pdfminer/cmap/KSCms-UHC-V.json.gz
.venv/lib/python3.11/site-packages/pdfminer/cmap/KSCpc-EUC-H.json.gz
.venv/lib/python3.11/site-packages/pdfminer/cmap/KSCpc-EUC-V.json.gz
.venv/lib/python3.11/site-packages/pdfminer/cmap/Katakana-H.json.gz
.venv/lib/python3.11/site-packages/pdfminer/cmap/Katakana-V.json.gz
.venv/lib/python3.11/site-packages/pdfminer/cmap/NWP-H.json.gz
.venv/lib/python3.11/site-packages/pdfminer/cmap/NWP-V.json.gz
.venv/lib/python3.11/site-packages/pdfminer/cmap/README.txt
.venv/lib/python3.11/site-packages/pdfminer/cmap/RKSJ-H.json.gz
.venv/lib/python3.11/site-packages/pdfminer/cmap/RKSJ-V.json.gz
.venv/lib/python3.11/site-packages/pdfminer/cmap/Roman-H.json.gz
.venv/lib/python3.11/site-packages/pdfminer/cmap/Roman-V.json.gz
.venv/lib/python3.11/site-packages/pdfminer/cmap/UniCNS-UCS2-H.json.gz
.venv/lib/python3.11/site-packages/pdfminer/cmap/UniCNS-UCS2-V.json.gz
.venv/lib/python3.11/site-packages/pdfminer/cmap/UniCNS-UTF16-H.json.gz
.venv/lib/python3.11/site-packages/pdfminer/cmap/UniCNS-UTF16-V.json.gz
.venv/lib/python3.11/site-packages/pdfminer/cmap/UniCNS-UTF32-H.json.gz
.venv/lib/python3.11/site-packages/pdfminer/cmap/UniCNS-UTF32-V.json.gz
.venv/lib/python3.11/site-packages/pdfminer/cmap/UniCNS-UTF8-H.json.gz
.venv/lib/python3.11/site-packages/pdfminer/cmap/UniCNS-UTF8-V.json.gz
.venv/lib/python3.11/site-packages/pdfminer/cmap/UniGB-UCS2-H.json.gz
.venv/lib/python3.11/site-packages/pdfminer/cmap/UniGB-UCS2-V.json.gz
.venv/lib/python3.11/site-packages/pdfminer/cmap/UniGB-UTF16-H.json.gz
.venv/lib/python3.11/site-packages/pdfminer/cmap/UniGB-UTF16-V.json.gz
.venv/lib/python3.11/site-packages/pdfminer/cmap/UniGB-UTF32-H.json.gz
.venv/lib/python3.11/site-packages/pdfminer/cmap/UniGB-UTF32-V.json.gz
.venv/lib/python3.11/site-packages/pdfminer/cmap/UniGB-UTF8-H.json.gz
.venv/lib/python3.11/site-packages/pdfminer/cmap/UniGB-UTF8-V.json.gz
.venv/lib/python3.11/site-packages/pdfminer/cmap/UniJIS-UCS2-H.json.gz
.venv/lib/python3.11/site-packages/pdfminer/cmap/UniJIS-UCS2-HW-H.json.gz
.venv/lib/python3.11/site-packages/pdfminer/cmap/UniJIS-UCS2-HW-V.json.gz
.venv/lib/python3.11/site-packages/pdfminer/cmap/UniJIS-UCS2-V.json.gz
.venv/lib/python3.11/site-packages/pdfminer/cmap/UniJIS-UTF16-H.json.gz
.venv/lib/python3.11/site-packages/pdfminer/cmap/UniJIS-UTF16-V.json.gz
.venv/lib/python3.11/site-packages/pdfminer/cmap/UniJIS-UTF32-H.json.gz
.venv/lib/python3.11/site-packages/pdfminer/cmap/UniJIS-UTF32-V.json.gz
.venv/lib/python3.11/site-packages/pdfminer/cmap/UniJIS-UTF8-H.json.gz
.venv/lib/python3.11/site-packages/pdfminer/cmap/UniJIS-UTF8-V.json.gz
.venv/lib/python3.11/site-packages/pdfminer/cmap/UniJIS2004-UTF16-H.json.gz
.venv/lib/python3.11/site-packages/pdfminer/cmap/UniJIS2004-UTF16-V.json.gz
.venv/lib/python3.11/site-packages/pdfminer/cmap/UniJIS2004-UTF32-H.json.gz
.venv/lib/python3.11/site-packages/pdfminer/cmap/UniJIS2004-UTF32-V.json.gz
.venv/lib/python3.11/site-packages/pdfminer/cmap/UniJIS2004-UTF8-H.json.gz
.venv/lib/python3.11/site-packages/pdfminer/cmap/UniJIS2004-UTF8-V.json.gz
.venv/lib/python3.11/site-packages/pdfminer/cmap/UniJISX0213-UTF32-H.json.gz
.venv/lib/python3.11/site-packages/pdfminer/cmap/UniJISX0213-UTF32-V.json.gz
.venv/lib/python3.11/site-packages/pdfminer/cmap/UniJISX02132004-UTF32-H.json.gz
.venv/lib/python3.11/site-packages/pdfminer/cmap/UniJISX02132004-UTF32-V.json.gz
.venv/lib/python3.11/site-packages/pdfminer/cmap/UniKS-UCS2-H.json.gz
.venv/lib/python3.11/site-packages/pdfminer/cmap/UniKS-UCS2-V.json.gz
.venv/lib/python3.11/site-packages/pdfminer/cmap/UniKS-UTF16-H.json.gz
.venv/lib/python3.11/site-packages/pdfminer/cmap/UniKS-UTF16-V.json.gz
.venv/lib/python3.11/site-packages/pdfminer/cmap/UniKS-UTF32-H.json.gz
.venv/lib/python3.11/site-packages/pdfminer/cmap/UniKS-UTF32-V.json.gz
.venv/lib/python3.11/site-packages/pdfminer/cmap/UniKS-UTF8-H.json.gz
.venv/lib/python3.11/site-packages/pdfminer/cmap/UniKS-UTF8-V.json.gz
.venv/lib/python3.11/site-packages/pdfminer/cmap/V.json.gz
.venv/lib/python3.11/site-packages/pdfminer/cmap/WP-Symbol-H.json.gz
.venv/lib/python3.11/site-packages/pdfminer/cmap/WP-Symbol-V.json.gz
.venv/lib/python3.11/site-packages/pdfminer/cmap/to-unicode-Adobe-CNS1.json.gz
.venv/lib/python3.11/site-packages/pdfminer/cmap/to-unicode-Adobe-GB1.json.gz
.venv/lib/python3.11/site-packages/pdfminer/cmap/to-unicode-Adobe-Japan1.json.gz
.venv/lib/python3.11/site-packages/pdfminer/cmap/to-unicode-Adobe-Korea1.json.gz
.venv/lib/python3.11/site-packages/pdfminer_six-20251230.dist-info/
.venv/lib/python3.11/site-packages/pdfminer_six-20251230.dist-info/INSTALLER
.venv/lib/python3.11/site-packages/pdfminer_six-20251230.dist-info/METADATA
.venv/lib/python3.11/site-packages/pdfminer_six-20251230.dist-info/RECORD
.venv/lib/python3.11/site-packages/pdfminer_six-20251230.dist-info/WHEEL
.venv/lib/python3.11/site-packages/pdfminer_six-20251230.dist-info/top_level.txt
.venv/lib/python3.11/site-packages/pdfminer_six-20251230.dist-info/licenses/
.venv/lib/python3.11/site-packages/pdfminer_six-20251230.dist-info/licenses/LICENSE
.venv/lib/python3.11/site-packages/pdfplumber-0.11.9.dist-info/
.venv/lib/python3.11/site-packages/pdfplumber-0.11.9.dist-info/INSTALLER
.venv/lib/python3.11/site-packages/pdfplumber-0.11.9.dist-info/METADATA
.venv/lib/python3.11/site-packages/pdfplumber-0.11.9.dist-info/RECORD
.venv/lib/python3.11/site-packages/pdfplumber-0.11.9.dist-info/REQUESTED
.venv/lib/python3.11/site-packages/pdfplumber-0.11.9.dist-info/WHEEL
.venv/lib/python3.11/site-packages/pdfplumber-0.11.9.dist-info/entry_points.txt
.venv/lib/python3.11/site-packages/pdfplumber-0.11.9.dist-info/top_level.txt
.venv/lib/python3.11/site-packages/pdfplumber-0.11.9.dist-info/licenses/
.venv/lib/python3.11/site-packages/pdfplumber-0.11.9.dist-info/licenses/LICENSE.txt
.venv/lib/python3.11/site-packages/pdfplumber/
.venv/lib/python3.11/site-packages/pdfplumber/__init__.py
.venv/lib/python3.11/site-packages/pdfplumber/_typing.py
.venv/lib/python3.11/site-packages/pdfplumber/_version.py
.venv/lib/python3.11/site-packages/pdfplumber/cli.py
.venv/lib/python3.11/site-packages/pdfplumber/container.py
.venv/lib/python3.11/site-packages/pdfplumber/convert.py
.venv/lib/python3.11/site-packages/pdfplumber/ctm.py
.venv/lib/python3.11/site-packages/pdfplumber/display.py
.venv/lib/python3.11/site-packages/pdfplumber/page.py
.venv/lib/python3.11/site-packages/pdfplumber/pdf.py
.venv/lib/python3.11/site-packages/pdfplumber/py.typed
.venv/lib/python3.11/site-packages/pdfplumber/repair.py
.venv/lib/python3.11/site-packages/pdfplumber/structure.py
.venv/lib/python3.11/site-packages/pdfplumber/table.py
.venv/lib/python3.11/site-packages/pdfplumber/__pycache__/
.venv/lib/python3.11/site-packages/pdfplumber/utils/
.venv/lib/python3.11/site-packages/pdfplumber/utils/__init__.py
.venv/lib/python3.11/site-packages/pdfplumber/utils/clustering.py
.venv/lib/python3.11/site-packages/pdfplumber/utils/exceptions.py
.venv/lib/python3.11/site-packages/pdfplumber/utils/generic.py
.venv/lib/python3.11/site-packages/pdfplumber/utils/geometry.py
.venv/lib/python3.11/site-packages/pdfplumber/utils/pdfinternals.py
.venv/lib/python3.11/site-packages/pdfplumber/utils/text.py
.venv/lib/python3.11/site-packages/pdfplumber/utils/__pycache__/
.venv/lib/python3.11/site-packages/pillow-12.1.1.dist-info/
.venv/lib/python3.11/site-packages/pillow-12.1.1.dist-info/INSTALLER
.venv/lib/python3.11/site-packages/pillow-12.1.1.dist-info/METADATA
.venv/lib/python3.11/site-packages/pillow-12.1.1.dist-info/RECORD
.venv/lib/python3.11/site-packages/pillow-12.1.1.dist-info/WHEEL
.venv/lib/python3.11/site-packages/pillow-12.1.1.dist-info/top_level.txt
.venv/lib/python3.11/site-packages/pillow-12.1.1.dist-info/zip-safe
.venv/lib/python3.11/site-packages/pillow-12.1.1.dist-info/licenses/
.venv/lib/python3.11/site-packages/pillow-12.1.1.dist-info/licenses/LICENSE
.venv/lib/python3.11/site-packages/pip-23.2.1.dist-info/
.venv/lib/python3.11/site-packages/pip-23.2.1.dist-info/AUTHORS.txt
.venv/lib/python3.11/site-packages/pip-23.2.1.dist-info/INSTALLER
.venv/lib/python3.11/site-packages/pip-23.2.1.dist-info/LICENSE.txt
.venv/lib/python3.11/site-packages/pip-23.2.1.dist-info/METADATA
.venv/lib/python3.11/site-packages/pip-23.2.1.dist-info/RECORD
.venv/lib/python3.11/site-packages/pip-23.2.1.dist-info/REQUESTED
.venv/lib/python3.11/site-packages/pip-23.2.1.dist-info/WHEEL
.venv/lib/python3.11/site-packages/pip-23.2.1.dist-info/entry_points.txt
.venv/lib/python3.11/site-packages/pip-23.2.1.dist-info/top_level.txt
.venv/lib/python3.11/site-packages/pip/
.venv/lib/python3.11/site-packages/pip/__init__.py
.venv/lib/python3.11/site-packages/pip/__main__.py
.venv/lib/python3.11/site-packages/pip/__pip-runner__.py
.venv/lib/python3.11/site-packages/pip/py.typed
.venv/lib/python3.11/site-packages/pip/__pycache__/
.venv/lib/python3.11/site-packages/pip/_internal/
.venv/lib/python3.11/site-packages/pip/_internal/__init__.py
.venv/lib/python3.11/site-packages/pip/_internal/build_env.py
.venv/lib/python3.11/site-packages/pip/_internal/cache.py
.venv/lib/python3.11/site-packages/pip/_internal/configuration.py
.venv/lib/python3.11/site-packages/pip/_internal/exceptions.py
.venv/lib/python3.11/site-packages/pip/_internal/main.py
.venv/lib/python3.11/site-packages/pip/_internal/pyproject.py
.venv/lib/python3.11/site-packages/pip/_internal/self_outdated_check.py
.venv/lib/python3.11/site-packages/pip/_internal/wheel_builder.py
.venv/lib/python3.11/site-packages/pip/_internal/__pycache__/
.venv/lib/python3.11/site-packages/pip/_internal/cli/
.venv/lib/python3.11/site-packages/pip/_internal/cli/__init__.py
.venv/lib/python3.11/site-packages/pip/_internal/cli/autocompletion.py
.venv/lib/python3.11/site-packages/pip/_internal/cli/base_command.py
.venv/lib/python3.11/site-packages/pip/_internal/cli/cmdoptions.py
.venv/lib/python3.11/site-packages/pip/_internal/cli/command_context.py
.venv/lib/python3.11/site-packages/pip/_internal/cli/main.py
.venv/lib/python3.11/site-packages/pip/_internal/cli/main_parser.py
.venv/lib/python3.11/site-packages/pip/_internal/cli/parser.py
.venv/lib/python3.11/site-packages/pip/_internal/cli/progress_bars.py
.venv/lib/python3.11/site-packages/pip/_internal/cli/req_command.py
.venv/lib/python3.11/site-packages/pip/_internal/cli/spinners.py
.venv/lib/python3.11/site-packages/pip/_internal/cli/status_codes.py
.venv/lib/python3.11/site-packages/pip/_internal/cli/__pycache__/
.venv/lib/python3.11/site-packages/pip/_internal/commands/
.venv/lib/python3.11/site-packages/pip/_internal/commands/__init__.py
.venv/lib/python3.11/site-packages/pip/_internal/commands/cache.py
.venv/lib/python3.11/site-packages/pip/_internal/commands/check.py
.venv/lib/python3.11/site-packages/pip/_internal/commands/completion.py
.venv/lib/python3.11/site-packages/pip/_internal/commands/configuration.py
.venv/lib/python3.11/site-packages/pip/_internal/commands/debug.py
.venv/lib/python3.11/site-packages/pip/_internal/commands/download.py
.venv/lib/python3.11/site-packages/pip/_internal/commands/freeze.py
.venv/lib/python3.11/site-packages/pip/_internal/commands/hash.py
.venv/lib/python3.11/site-packages/pip/_internal/commands/help.py
.venv/lib/python3.11/site-packages/pip/_internal/commands/index.py
.venv/lib/python3.11/site-packages/pip/_internal/commands/inspect.py
.venv/lib/python3.11/site-packages/pip/_internal/commands/install.py
.venv/lib/python3.11/site-packages/pip/_internal/commands/list.py
.venv/lib/python3.11/site-packages/pip/_internal/commands/search.py
.venv/lib/python3.11/site-packages/pip/_internal/commands/show.py
.venv/lib/python3.11/site-packages/pip/_internal/commands/uninstall.py
.venv/lib/python3.11/site-packages/pip/_internal/commands/wheel.py
.venv/lib/python3.11/site-packages/pip/_internal/commands/__pycache__/
.venv/lib/python3.11/site-packages/pip/_internal/distributions/
.venv/lib/python3.11/site-packages/pip/_internal/distributions/__init__.py
.venv/lib/python3.11/site-packages/pip/_internal/distributions/base.py
.venv/lib/python3.11/site-packages/pip/_internal/distributions/installed.py
.venv/lib/python3.11/site-packages/pip/_internal/distributions/sdist.py
.venv/lib/python3.11/site-packages/pip/_internal/distributions/wheel.py
.venv/lib/python3.11/site-packages/pip/_internal/distributions/__pycache__/
.venv/lib/python3.11/site-packages/pip/_internal/index/
.venv/lib/python3.11/site-packages/pip/_internal/index/__init__.py
.venv/lib/python3.11/site-packages/pip/_internal/index/collector.py
.venv/lib/python3.11/site-packages/pip/_internal/index/package_finder.py
.venv/lib/python3.11/site-packages/pip/_internal/index/sources.py
.venv/lib/python3.11/site-packages/pip/_internal/index/__pycache__/
.venv/lib/python3.11/site-packages/pip/_internal/locations/
.venv/lib/python3.11/site-packages/pip/_internal/locations/__init__.py
.venv/lib/python3.11/site-packages/pip/_internal/locations/_distutils.py
.venv/lib/python3.11/site-packages/pip/_internal/locations/_sysconfig.py
.venv/lib/python3.11/site-packages/pip/_internal/locations/base.py
.venv/lib/python3.11/site-packages/pip/_internal/locations/__pycache__/
.venv/lib/python3.11/site-packages/pip/_internal/metadata/
.venv/lib/python3.11/site-packages/pip/_internal/metadata/__init__.py
.venv/lib/python3.11/site-packages/pip/_internal/metadata/_json.py
.venv/lib/python3.11/site-packages/pip/_internal/metadata/base.py
.venv/lib/python3.11/site-packages/pip/_internal/metadata/pkg_resources.py
.venv/lib/python3.11/site-packages/pip/_internal/metadata/__pycache__/
.venv/lib/python3.11/site-packages/pip/_internal/metadata/importlib/
.venv/lib/python3.11/site-packages/pip/_internal/metadata/importlib/__init__.py
.venv/lib/python3.11/site-packages/pip/_internal/metadata/importlib/_compat.py
.venv/lib/python3.11/site-packages/pip/_internal/metadata/importlib/_dists.py
.venv/lib/python3.11/site-packages/pip/_internal/metadata/importlib/_envs.py
.venv/lib/python3.11/site-packages/pip/_internal/metadata/importlib/__pycache__/
.venv/lib/python3.11/site-packages/pip/_internal/models/
.venv/lib/python3.11/site-packages/pip/_internal/models/__init__.py
.venv/lib/python3.11/site-packages/pip/_internal/models/candidate.py
.venv/lib/python3.11/site-packages/pip/_internal/models/direct_url.py
.venv/lib/python3.11/site-packages/pip/_internal/models/format_control.py
.venv/lib/python3.11/site-packages/pip/_internal/models/index.py
.venv/lib/python3.11/site-packages/pip/_internal/models/installation_report.py
.venv/lib/python3.11/site-packages/pip/_internal/models/link.py
.venv/lib/python3.11/site-packages/pip/_internal/models/scheme.py
.venv/lib/python3.11/site-packages/pip/_internal/models/search_scope.py
.venv/lib/python3.11/site-packages/pip/_internal/models/selection_prefs.py
.venv/lib/python3.11/site-packages/pip/_internal/models/target_python.py
.venv/lib/python3.11/site-packages/pip/_internal/models/wheel.py
.venv/lib/python3.11/site-packages/pip/_internal/models/__pycache__/
.venv/lib/python3.11/site-packages/pip/_internal/network/
.venv/lib/python3.11/site-packages/pip/_internal/network/__init__.py
.venv/lib/python3.11/site-packages/pip/_internal/network/auth.py
.venv/lib/python3.11/site-packages/pip/_internal/network/cache.py
.venv/lib/python3.11/site-packages/pip/_internal/network/download.py
.venv/lib/python3.11/site-packages/pip/_internal/network/lazy_wheel.py
.venv/lib/python3.11/site-packages/pip/_internal/network/session.py
.venv/lib/python3.11/site-packages/pip/_internal/network/utils.py
.venv/lib/python3.11/site-packages/pip/_internal/network/xmlrpc.py
.venv/lib/python3.11/site-packages/pip/_internal/network/__pycache__/
.venv/lib/python3.11/site-packages/pip/_internal/operations/
.venv/lib/python3.11/site-packages/pip/_internal/operations/__init__.py
.venv/lib/python3.11/site-packages/pip/_internal/operations/check.py
.venv/lib/python3.11/site-packages/pip/_internal/operations/freeze.py
.venv/lib/python3.11/site-packages/pip/_internal/operations/prepare.py
.venv/lib/python3.11/site-packages/pip/_internal/operations/__pycache__/
.venv/lib/python3.11/site-packages/pip/_internal/operations/build/
.venv/lib/python3.11/site-packages/pip/_internal/operations/build/__init__.py
.venv/lib/python3.11/site-packages/pip/_internal/operations/build/build_tracker.py
.venv/lib/python3.11/site-packages/pip/_internal/operations/build/metadata.py
.venv/lib/python3.11/site-packages/pip/_internal/operations/build/metadata_editable.py
.venv/lib/python3.11/site-packages/pip/_internal/operations/build/metadata_legacy.py
.venv/lib/python3.11/site-packages/pip/_internal/operations/build/wheel.py
.venv/lib/python3.11/site-packages/pip/_internal/operations/build/wheel_editable.py
.venv/lib/python3.11/site-packages/pip/_internal/operations/build/wheel_legacy.py
.venv/lib/python3.11/site-packages/pip/_internal/operations/build/__pycache__/
.venv/lib/python3.11/site-packages/pip/_internal/operations/install/
.venv/lib/python3.11/site-packages/pip/_internal/operations/install/__init__.py
.venv/lib/python3.11/site-packages/pip/_internal/operations/install/editable_legacy.py
.venv/lib/python3.11/site-packages/pip/_internal/operations/install/wheel.py
.venv/lib/python3.11/site-packages/pip/_internal/operations/install/__pycache__/
.venv/lib/python3.11/site-packages/pip/_internal/req/
.venv/lib/python3.11/site-packages/pip/_internal/req/__init__.py
.venv/lib/python3.11/site-packages/pip/_internal/req/constructors.py
.venv/lib/python3.11/site-packages/pip/_internal/req/req_file.py
.venv/lib/python3.11/site-packages/pip/_internal/req/req_install.py
.venv/lib/python3.11/site-packages/pip/_internal/req/req_set.py
.venv/lib/python3.11/site-packages/pip/_internal/req/req_uninstall.py
.venv/lib/python3.11/site-packages/pip/_internal/req/__pycache__/
.venv/lib/python3.11/site-packages/pip/_internal/resolution/
.venv/lib/python3.11/site-packages/pip/_internal/resolution/__init__.py
.venv/lib/python3.11/site-packages/pip/_internal/resolution/base.py
.venv/lib/python3.11/site-packages/pip/_internal/resolution/__pycache__/
.venv/lib/python3.11/site-packages/pip/_internal/resolution/legacy/
.venv/lib/python3.11/site-packages/pip/_internal/resolution/legacy/__init__.py
.venv/lib/python3.11/site-packages/pip/_internal/resolution/legacy/resolver.py
.venv/lib/python3.11/site-packages/pip/_internal/resolution/legacy/__pycache__/
.venv/lib/python3.11/site-packages/pip/_internal/resolution/resolvelib/
.venv/lib/python3.11/site-packages/pip/_internal/resolution/resolvelib/__init__.py
.venv/lib/python3.11/site-packages/pip/_internal/resolution/resolvelib/base.py
.venv/lib/python3.11/site-packages/pip/_internal/resolution/resolvelib/candidates.py
.venv/lib/python3.11/site-packages/pip/_internal/resolution/resolvelib/factory.py
.venv/lib/python3.11/site-packages/pip/_internal/resolution/resolvelib/found_candidates.py
.venv/lib/python3.11/site-packages/pip/_internal/resolution/resolvelib/provider.py
.venv/lib/python3.11/site-packages/pip/_internal/resolution/resolvelib/reporter.py
.venv/lib/python3.11/site-packages/pip/_internal/resolution/resolvelib/requirements.py
.venv/lib/python3.11/site-packages/pip/_internal/resolution/resolvelib/resolver.py
.venv/lib/python3.11/site-packages/pip/_internal/resolution/resolvelib/__pycache__/
.venv/lib/python3.11/site-packages/pip/_internal/utils/
.venv/lib/python3.11/site-packages/pip/_internal/utils/__init__.py
.venv/lib/python3.11/site-packages/pip/_internal/utils/_jaraco_text.py
.venv/lib/python3.11/site-packages/pip/_internal/utils/_log.py
.venv/lib/python3.11/site-packages/pip/_internal/utils/appdirs.py
.venv/lib/python3.11/site-packages/pip/_internal/utils/compat.py
.venv/lib/python3.11/site-packages/pip/_internal/utils/compatibility_tags.py
.venv/lib/python3.11/site-packages/pip/_internal/utils/datetime.py
.venv/lib/python3.11/site-packages/pip/_internal/utils/deprecation.py
.venv/lib/python3.11/site-packages/pip/_internal/utils/direct_url_helpers.py
.venv/lib/python3.11/site-packages/pip/_internal/utils/egg_link.py
.venv/lib/python3.11/site-packages/pip/_internal/utils/encoding.py
.venv/lib/python3.11/site-packages/pip/_internal/utils/entrypoints.py
.venv/lib/python3.11/site-packages/pip/_internal/utils/filesystem.py
.venv/lib/python3.11/site-packages/pip/_internal/utils/filetypes.py
.venv/lib/python3.11/site-packages/pip/_internal/utils/glibc.py
.venv/lib/python3.11/site-packages/pip/_internal/utils/hashes.py
.venv/lib/python3.11/site-packages/pip/_internal/utils/inject_securetransport.py
.venv/lib/python3.11/site-packages/pip/_internal/utils/logging.py
.venv/lib/python3.11/site-packages/pip/_internal/utils/misc.py
.venv/lib/python3.11/site-packages/pip/_internal/utils/models.py
.venv/lib/python3.11/site-packages/pip/_internal/utils/packaging.py
.venv/lib/python3.11/site-packages/pip/_internal/utils/setuptools_build.py
.venv/lib/python3.11/site-packages/pip/_internal/utils/subprocess.py
.venv/lib/python3.11/site-packages/pip/_internal/utils/temp_dir.py
.venv/lib/python3.11/site-packages/pip/_internal/utils/unpacking.py
.venv/lib/python3.11/site-packages/pip/_internal/utils/urls.py
.venv/lib/python3.11/site-packages/pip/_internal/utils/virtualenv.py
.venv/lib/python3.11/site-packages/pip/_internal/utils/wheel.py
.venv/lib/python3.11/site-packages/pip/_internal/utils/__pycache__/
.venv/lib/python3.11/site-packages/pip/_internal/vcs/
.venv/lib/python3.11/site-packages/pip/_internal/vcs/__init__.py
.venv/lib/python3.11/site-packages/pip/_internal/vcs/bazaar.py
.venv/lib/python3.11/site-packages/pip/_internal/vcs/git.py
.venv/lib/python3.11/site-packages/pip/_internal/vcs/mercurial.py
.venv/lib/python3.11/site-packages/pip/_internal/vcs/subversion.py
.venv/lib/python3.11/site-packages/pip/_internal/vcs/versioncontrol.py
.venv/lib/python3.11/site-packages/pip/_internal/vcs/__pycache__/
.venv/lib/python3.11/site-packages/pip/_vendor/
.venv/lib/python3.11/site-packages/pip/_vendor/__init__.py
.venv/lib/python3.11/site-packages/pip/_vendor/six.py
.venv/lib/python3.11/site-packages/pip/_vendor/typing_extensions.py
.venv/lib/python3.11/site-packages/pip/_vendor/vendor.txt
.venv/lib/python3.11/site-packages/pip/_vendor/__pycache__/
.venv/lib/python3.11/site-packages/pip/_vendor/cachecontrol/
.venv/lib/python3.11/site-packages/pip/_vendor/cachecontrol/__init__.py
.venv/lib/python3.11/site-packages/pip/_vendor/cachecontrol/_cmd.py
.venv/lib/python3.11/site-packages/pip/_vendor/cachecontrol/adapter.py
.venv/lib/python3.11/site-packages/pip/_vendor/cachecontrol/cache.py
.venv/lib/python3.11/site-packages/pip/_vendor/cachecontrol/compat.py
.venv/lib/python3.11/site-packages/pip/_vendor/cachecontrol/controller.py
.venv/lib/python3.11/site-packages/pip/_vendor/cachecontrol/filewrapper.py
.venv/lib/python3.11/site-packages/pip/_vendor/cachecontrol/heuristics.py
.venv/lib/python3.11/site-packages/pip/_vendor/cachecontrol/serialize.py
.venv/lib/python3.11/site-packages/pip/_vendor/cachecontrol/wrapper.py
.venv/lib/python3.11/site-packages/pip/_vendor/cachecontrol/__pycache__/
.venv/lib/python3.11/site-packages/pip/_vendor/cachecontrol/caches/
.venv/lib/python3.11/site-packages/pip/_vendor/cachecontrol/caches/__init__.py
.venv/lib/python3.11/site-packages/pip/_vendor/cachecontrol/caches/file_cache.py
.venv/lib/python3.11/site-packages/pip/_vendor/cachecontrol/caches/redis_cache.py
.venv/lib/python3.11/site-packages/pip/_vendor/cachecontrol/caches/__pycache__/
.venv/lib/python3.11/site-packages/pip/_vendor/certifi/
.venv/lib/python3.11/site-packages/pip/_vendor/certifi/__init__.py
.venv/lib/python3.11/site-packages/pip/_vendor/certifi/__main__.py
.venv/lib/python3.11/site-packages/pip/_vendor/certifi/cacert.pem
.venv/lib/python3.11/site-packages/pip/_vendor/certifi/core.py
.venv/lib/python3.11/site-packages/pip/_vendor/certifi/__pycache__/
.venv/lib/python3.11/site-packages/pip/_vendor/chardet/
.venv/lib/python3.11/site-packages/pip/_vendor/chardet/__init__.py
.venv/lib/python3.11/site-packages/pip/_vendor/chardet/big5freq.py
.venv/lib/python3.11/site-packages/pip/_vendor/chardet/big5prober.py
.venv/lib/python3.11/site-packages/pip/_vendor/chardet/chardistribution.py
.venv/lib/python3.11/site-packages/pip/_vendor/chardet/charsetgroupprober.py
.venv/lib/python3.11/site-packages/pip/_vendor/chardet/charsetprober.py
.venv/lib/python3.11/site-packages/pip/_vendor/chardet/codingstatemachine.py
.venv/lib/python3.11/site-packages/pip/_vendor/chardet/codingstatemachinedict.py
.venv/lib/python3.11/site-packages/pip/_vendor/chardet/cp949prober.py
.venv/lib/python3.11/site-packages/pip/_vendor/chardet/enums.py
.venv/lib/python3.11/site-packages/pip/_vendor/chardet/escprober.py
.venv/lib/python3.11/site-packages/pip/_vendor/chardet/escsm.py
.venv/lib/python3.11/site-packages/pip/_vendor/chardet/eucjpprober.py
.venv/lib/python3.11/site-packages/pip/_vendor/chardet/euckrfreq.py
.venv/lib/python3.11/site-packages/pip/_vendor/chardet/euckrprober.py
.venv/lib/python3.11/site-packages/pip/_vendor/chardet/euctwfreq.py
.venv/lib/python3.11/site-packages/pip/_vendor/chardet/euctwprober.py
.venv/lib/python3.11/site-packages/pip/_vendor/chardet/gb2312freq.py
.venv/lib/python3.11/site-packages/pip/_vendor/chardet/gb2312prober.py
.venv/lib/python3.11/site-packages/pip/_vendor/chardet/hebrewprober.py
.venv/lib/python3.11/site-packages/pip/_vendor/chardet/jisfreq.py
.venv/lib/python3.11/site-packages/pip/_vendor/chardet/johabfreq.py
.venv/lib/python3.11/site-packages/pip/_vendor/chardet/johabprober.py
.venv/lib/python3.11/site-packages/pip/_vendor/chardet/jpcntx.py
.venv/lib/python3.11/site-packages/pip/_vendor/chardet/langbulgarianmodel.py
.venv/lib/python3.11/site-packages/pip/_vendor/chardet/langgreekmodel.py
.venv/lib/python3.11/site-packages/pip/_vendor/chardet/langhebrewmodel.py
.venv/lib/python3.11/site-packages/pip/_vendor/chardet/langhungarianmodel.py
.venv/lib/python3.11/site-packages/pip/_vendor/chardet/langrussianmodel.py
.venv/lib/python3.11/site-packages/pip/_vendor/chardet/langthaimodel.py
.venv/lib/python3.11/site-packages/pip/_vendor/chardet/langturkishmodel.py
.venv/lib/python3.11/site-packages/pip/_vendor/chardet/latin1prober.py
.venv/lib/python3.11/site-packages/pip/_vendor/chardet/macromanprober.py
.venv/lib/python3.11/site-packages/pip/_vendor/chardet/mbcharsetprober.py
.venv/lib/python3.11/site-packages/pip/_vendor/chardet/mbcsgroupprober.py
.venv/lib/python3.11/site-packages/pip/_vendor/chardet/mbcssm.py
.venv/lib/python3.11/site-packages/pip/_vendor/chardet/resultdict.py
.venv/lib/python3.11/site-packages/pip/_vendor/chardet/sbcharsetprober.py
.venv/lib/python3.11/site-packages/pip/_vendor/chardet/sbcsgroupprober.py
.venv/lib/python3.11/site-packages/pip/_vendor/chardet/sjisprober.py
.venv/lib/python3.11/site-packages/pip/_vendor/chardet/universaldetector.py
.venv/lib/python3.11/site-packages/pip/_vendor/chardet/utf1632prober.py
.venv/lib/python3.11/site-packages/pip/_vendor/chardet/utf8prober.py
.venv/lib/python3.11/site-packages/pip/_vendor/chardet/version.py
.venv/lib/python3.11/site-packages/pip/_vendor/chardet/__pycache__/
.venv/lib/python3.11/site-packages/pip/_vendor/chardet/cli/
.venv/lib/python3.11/site-packages/pip/_vendor/chardet/cli/__init__.py
.venv/lib/python3.11/site-packages/pip/_vendor/chardet/cli/chardetect.py
.venv/lib/python3.11/site-packages/pip/_vendor/chardet/cli/__pycache__/
.venv/lib/python3.11/site-packages/pip/_vendor/chardet/metadata/
.venv/lib/python3.11/site-packages/pip/_vendor/chardet/metadata/__init__.py
.venv/lib/python3.11/site-packages/pip/_vendor/chardet/metadata/languages.py
.venv/lib/python3.11/site-packages/pip/_vendor/chardet/metadata/__pycache__/
.venv/lib/python3.11/site-packages/pip/_vendor/colorama/
.venv/lib/python3.11/site-packages/pip/_vendor/colorama/__init__.py
.venv/lib/python3.11/site-packages/pip/_vendor/colorama/ansi.py
.venv/lib/python3.11/site-packages/pip/_vendor/colorama/ansitowin32.py
.venv/lib/python3.11/site-packages/pip/_vendor/colorama/initialise.py
.venv/lib/python3.11/site-packages/pip/_vendor/colorama/win32.py
.venv/lib/python3.11/site-packages/pip/_vendor/colorama/winterm.py
.venv/lib/python3.11/site-packages/pip/_vendor/colorama/__pycache__/
.venv/lib/python3.11/site-packages/pip/_vendor/colorama/tests/
.venv/lib/python3.11/site-packages/pip/_vendor/colorama/tests/__init__.py
.venv/lib/python3.11/site-packages/pip/_vendor/colorama/tests/ansi_test.py
.venv/lib/python3.11/site-packages/pip/_vendor/colorama/tests/ansitowin32_test.py
.venv/lib/python3.11/site-packages/pip/_vendor/colorama/tests/initialise_test.py
.venv/lib/python3.11/site-packages/pip/_vendor/colorama/tests/isatty_test.py
.venv/lib/python3.11/site-packages/pip/_vendor/colorama/tests/utils.py
.venv/lib/python3.11/site-packages/pip/_vendor/colorama/tests/winterm_test.py
.venv/lib/python3.11/site-packages/pip/_vendor/colorama/tests/__pycache__/
.venv/lib/python3.11/site-packages/pip/_vendor/distlib/
.venv/lib/python3.11/site-packages/pip/_vendor/distlib/__init__.py
.venv/lib/python3.11/site-packages/pip/_vendor/distlib/compat.py
.venv/lib/python3.11/site-packages/pip/_vendor/distlib/database.py
.venv/lib/python3.11/site-packages/pip/_vendor/distlib/index.py
.venv/lib/python3.11/site-packages/pip/_vendor/distlib/locators.py
.venv/lib/python3.11/site-packages/pip/_vendor/distlib/manifest.py
.venv/lib/python3.11/site-packages/pip/_vendor/distlib/markers.py
.venv/lib/python3.11/site-packages/pip/_vendor/distlib/metadata.py
.venv/lib/python3.11/site-packages/pip/_vendor/distlib/resources.py
.venv/lib/python3.11/site-packages/pip/_vendor/distlib/scripts.py
.venv/lib/python3.11/site-packages/pip/_vendor/distlib/t32.exe
.venv/lib/python3.11/site-packages/pip/_vendor/distlib/t64-arm.exe
.venv/lib/python3.11/site-packages/pip/_vendor/distlib/t64.exe
.venv/lib/python3.11/site-packages/pip/_vendor/distlib/util.py
.venv/lib/python3.11/site-packages/pip/_vendor/distlib/version.py
.venv/lib/python3.11/site-packages/pip/_vendor/distlib/w32.exe
.venv/lib/python3.11/site-packages/pip/_vendor/distlib/w64-arm.exe
.venv/lib/python3.11/site-packages/pip/_vendor/distlib/w64.exe
.venv/lib/python3.11/site-packages/pip/_vendor/distlib/wheel.py
.venv/lib/python3.11/site-packages/pip/_vendor/distlib/__pycache__/
.venv/lib/python3.11/site-packages/pip/_vendor/distro/
.venv/lib/python3.11/site-packages/pip/_vendor/distro/__init__.py
.venv/lib/python3.11/site-packages/pip/_vendor/distro/__main__.py
.venv/lib/python3.11/site-packages/pip/_vendor/distro/distro.py
.venv/lib/python3.11/site-packages/pip/_vendor/distro/__pycache__/
.venv/lib/python3.11/site-packages/pip/_vendor/idna/
.venv/lib/python3.11/site-packages/pip/_vendor/idna/__init__.py
.venv/lib/python3.11/site-packages/pip/_vendor/idna/codec.py
.venv/lib/python3.11/site-packages/pip/_vendor/idna/compat.py
.venv/lib/python3.11/site-packages/pip/_vendor/idna/core.py
.venv/lib/python3.11/site-packages/pip/_vendor/idna/idnadata.py
.venv/lib/python3.11/site-packages/pip/_vendor/idna/intranges.py
.venv/lib/python3.11/site-packages/pip/_vendor/idna/package_data.py
.venv/lib/python3.11/site-packages/pip/_vendor/idna/uts46data.py
.venv/lib/python3.11/site-packages/pip/_vendor/idna/__pycache__/
.venv/lib/python3.11/site-packages/pip/_vendor/msgpack/
.venv/lib/python3.11/site-packages/pip/_vendor/msgpack/__init__.py
.venv/lib/python3.11/site-packages/pip/_vendor/msgpack/exceptions.py
.venv/lib/python3.11/site-packages/pip/_vendor/msgpack/ext.py
.venv/lib/python3.11/site-packages/pip/_vendor/msgpack/fallback.py
.venv/lib/python3.11/site-packages/pip/_vendor/msgpack/__pycache__/
.venv/lib/python3.11/site-packages/pip/_vendor/packaging/
.venv/lib/python3.11/site-packages/pip/_vendor/packaging/__about__.py
.venv/lib/python3.11/site-packages/pip/_vendor/packaging/__init__.py
.venv/lib/python3.11/site-packages/pip/_vendor/packaging/_manylinux.py
.venv/lib/python3.11/site-packages/pip/_vendor/packaging/_musllinux.py
.venv/lib/python3.11/site-packages/pip/_vendor/packaging/_structures.py
.venv/lib/python3.11/site-packages/pip/_vendor/packaging/markers.py
.venv/lib/python3.11/site-packages/pip/_vendor/packaging/requirements.py
.venv/lib/python3.11/site-packages/pip/_vendor/packaging/specifiers.py
.venv/lib/python3.11/site-packages/pip/_vendor/packaging/tags.py
.venv/lib/python3.11/site-packages/pip/_vendor/packaging/utils.py
.venv/lib/python3.11/site-packages/pip/_vendor/packaging/version.py
.venv/lib/python3.11/site-packages/pip/_vendor/packaging/__pycache__/
.venv/lib/python3.11/site-packages/pip/_vendor/pkg_resources/
.venv/lib/python3.11/site-packages/pip/_vendor/pkg_resources/__init__.py
.venv/lib/python3.11/site-packages/pip/_vendor/pkg_resources/__pycache__/
.venv/lib/python3.11/site-packages/pip/_vendor/platformdirs/
.venv/lib/python3.11/site-packages/pip/_vendor/platformdirs/__init__.py
.venv/lib/python3.11/site-packages/pip/_vendor/platformdirs/__main__.py
.venv/lib/python3.11/site-packages/pip/_vendor/platformdirs/android.py
.venv/lib/python3.11/site-packages/pip/_vendor/platformdirs/api.py
.venv/lib/python3.11/site-packages/pip/_vendor/platformdirs/macos.py
.venv/lib/python3.11/site-packages/pip/_vendor/platformdirs/unix.py
.venv/lib/python3.11/site-packages/pip/_vendor/platformdirs/version.py
.venv/lib/python3.11/site-packages/pip/_vendor/platformdirs/windows.py
.venv/lib/python3.11/site-packages/pip/_vendor/platformdirs/__pycache__/
.venv/lib/python3.11/site-packages/pip/_vendor/pygments/
.venv/lib/python3.11/site-packages/pip/_vendor/pygments/__init__.py
.venv/lib/python3.11/site-packages/pip/_vendor/pygments/__main__.py
.venv/lib/python3.11/site-packages/pip/_vendor/pygments/cmdline.py
.venv/lib/python3.11/site-packages/pip/_vendor/pygments/console.py
.venv/lib/python3.11/site-packages/pip/_vendor/pygments/filter.py
.venv/lib/python3.11/site-packages/pip/_vendor/pygments/formatter.py
.venv/lib/python3.11/site-packages/pip/_vendor/pygments/lexer.py
.venv/lib/python3.11/site-packages/pip/_vendor/pygments/modeline.py
.venv/lib/python3.11/site-packages/pip/_vendor/pygments/plugin.py
.venv/lib/python3.11/site-packages/pip/_vendor/pygments/regexopt.py
.venv/lib/python3.11/site-packages/pip/_vendor/pygments/scanner.py
.venv/lib/python3.11/site-packages/pip/_vendor/pygments/sphinxext.py
.venv/lib/python3.11/site-packages/pip/_vendor/pygments/style.py
.venv/lib/python3.11/site-packages/pip/_vendor/pygments/token.py
.venv/lib/python3.11/site-packages/pip/_vendor/pygments/unistring.py
.venv/lib/python3.11/site-packages/pip/_vendor/pygments/util.py
.venv/lib/python3.11/site-packages/pip/_vendor/pygments/__pycache__/
.venv/lib/python3.11/site-packages/pip/_vendor/pygments/filters/
.venv/lib/python3.11/site-packages/pip/_vendor/pygments/filters/__init__.py
.venv/lib/python3.11/site-packages/pip/_vendor/pygments/filters/__pycache__/
.venv/lib/python3.11/site-packages/pip/_vendor/pygments/formatters/
.venv/lib/python3.11/site-packages/pip/_vendor/pygments/formatters/__init__.py
.venv/lib/python3.11/site-packages/pip/_vendor/pygments/formatters/_mapping.py
.venv/lib/python3.11/site-packages/pip/_vendor/pygments/formatters/bbcode.py
.venv/lib/python3.11/site-packages/pip/_vendor/pygments/formatters/groff.py
.venv/lib/python3.11/site-packages/pip/_vendor/pygments/formatters/html.py
.venv/lib/python3.11/site-packages/pip/_vendor/pygments/formatters/img.py
.venv/lib/python3.11/site-packages/pip/_vendor/pygments/formatters/irc.py
.venv/lib/python3.11/site-packages/pip/_vendor/pygments/formatters/latex.py
.venv/lib/python3.11/site-packages/pip/_vendor/pygments/formatters/other.py
.venv/lib/python3.11/site-packages/pip/_vendor/pygments/formatters/pangomarkup.py
.venv/lib/python3.11/site-packages/pip/_vendor/pygments/formatters/rtf.py
.venv/lib/python3.11/site-packages/pip/_vendor/pygments/formatters/svg.py
.venv/lib/python3.11/site-packages/pip/_vendor/pygments/formatters/terminal.py
.venv/lib/python3.11/site-packages/pip/_vendor/pygments/formatters/terminal256.py
.venv/lib/python3.11/site-packages/pip/_vendor/pygments/formatters/__pycache__/
.venv/lib/python3.11/site-packages/pip/_vendor/pygments/lexers/
.venv/lib/python3.11/site-packages/pip/_vendor/pygments/lexers/__init__.py
.venv/lib/python3.11/site-packages/pip/_vendor/pygments/lexers/_mapping.py
.venv/lib/python3.11/site-packages/pip/_vendor/pygments/lexers/python.py
.venv/lib/python3.11/site-packages/pip/_vendor/pygments/lexers/__pycache__/
.venv/lib/python3.11/site-packages/pip/_vendor/pygments/styles/
.venv/lib/python3.11/site-packages/pip/_vendor/pygments/styles/__init__.py
.venv/lib/python3.11/site-packages/pip/_vendor/pygments/styles/__pycache__/
.venv/lib/python3.11/site-packages/pip/_vendor/pyparsing/
.venv/lib/python3.11/site-packages/pip/_vendor/pyparsing/__init__.py
.venv/lib/python3.11/site-packages/pip/_vendor/pyparsing/actions.py
.venv/lib/python3.11/site-packages/pip/_vendor/pyparsing/common.py
.venv/lib/python3.11/site-packages/pip/_vendor/pyparsing/core.py
.venv/lib/python3.11/site-packages/pip/_vendor/pyparsing/exceptions.py
.venv/lib/python3.11/site-packages/pip/_vendor/pyparsing/helpers.py
.venv/lib/python3.11/site-packages/pip/_vendor/pyparsing/results.py
.venv/lib/python3.11/site-packages/pip/_vendor/pyparsing/testing.py
.venv/lib/python3.11/site-packages/pip/_vendor/pyparsing/unicode.py
.venv/lib/python3.11/site-packages/pip/_vendor/pyparsing/util.py
.venv/lib/python3.11/site-packages/pip/_vendor/pyparsing/__pycache__/
.venv/lib/python3.11/site-packages/pip/_vendor/pyparsing/diagram/
.venv/lib/python3.11/site-packages/pip/_vendor/pyparsing/diagram/__init__.py
.venv/lib/python3.11/site-packages/pip/_vendor/pyparsing/diagram/__pycache__/
.venv/lib/python3.11/site-packages/pip/_vendor/pyproject_hooks/
.venv/lib/python3.11/site-packages/pip/_vendor/pyproject_hooks/__init__.py
.venv/lib/python3.11/site-packages/pip/_vendor/pyproject_hooks/_compat.py
.venv/lib/python3.11/site-packages/pip/_vendor/pyproject_hooks/_impl.py
.venv/lib/python3.11/site-packages/pip/_vendor/pyproject_hooks/__pycache__/
.venv/lib/python3.11/site-packages/pip/_vendor/pyproject_hooks/_in_process/
.venv/lib/python3.11/site-packages/pip/_vendor/pyproject_hooks/_in_process/__init__.py
.venv/lib/python3.11/site-packages/pip/_vendor/pyproject_hooks/_in_process/_in_process.py
.venv/lib/python3.11/site-packages/pip/_vendor/pyproject_hooks/_in_process/__pycache__/
.venv/lib/python3.11/site-packages/pip/_vendor/requests/
.venv/lib/python3.11/site-packages/pip/_vendor/requests/__init__.py
.venv/lib/python3.11/site-packages/pip/_vendor/requests/__version__.py
.venv/lib/python3.11/site-packages/pip/_vendor/requests/_internal_utils.py
.venv/lib/python3.11/site-packages/pip/_vendor/requests/adapters.py
.venv/lib/python3.11/site-packages/pip/_vendor/requests/api.py
.venv/lib/python3.11/site-packages/pip/_vendor/requests/auth.py
.venv/lib/python3.11/site-packages/pip/_vendor/requests/certs.py
.venv/lib/python3.11/site-packages/pip/_vendor/requests/compat.py
.venv/lib/python3.11/site-packages/pip/_vendor/requests/cookies.py
.venv/lib/python3.11/site-packages/pip/_vendor/requests/exceptions.py
.venv/lib/python3.11/site-packages/pip/_vendor/requests/help.py
.venv/lib/python3.11/site-packages/pip/_vendor/requests/hooks.py
.venv/lib/python3.11/site-packages/pip/_vendor/requests/models.py
.venv/lib/python3.11/site-packages/pip/_vendor/requests/packages.py
.venv/lib/python3.11/site-packages/pip/_vendor/requests/sessions.py
.venv/lib/python3.11/site-packages/pip/_vendor/requests/status_codes.py
.venv/lib/python3.11/site-packages/pip/_vendor/requests/structures.py
.venv/lib/python3.11/site-packages/pip/_vendor/requests/utils.py
.venv/lib/python3.11/site-packages/pip/_vendor/requests/__pycache__/
.venv/lib/python3.11/site-packages/pip/_vendor/resolvelib/
.venv/lib/python3.11/site-packages/pip/_vendor/resolvelib/__init__.py
.venv/lib/python3.11/site-packages/pip/_vendor/resolvelib/providers.py
.venv/lib/python3.11/site-packages/pip/_vendor/resolvelib/reporters.py
.venv/lib/python3.11/site-packages/pip/_vendor/resolvelib/resolvers.py
.venv/lib/python3.11/site-packages/pip/_vendor/resolvelib/structs.py
.venv/lib/python3.11/site-packages/pip/_vendor/resolvelib/__pycache__/
.venv/lib/python3.11/site-packages/pip/_vendor/resolvelib/compat/
.venv/lib/python3.11/site-packages/pip/_vendor/resolvelib/compat/__init__.py
.venv/lib/python3.11/site-packages/pip/_vendor/resolvelib/compat/collections_abc.py
.venv/lib/python3.11/site-packages/pip/_vendor/resolvelib/compat/__pycache__/
.venv/lib/python3.11/site-packages/pip/_vendor/rich/
.venv/lib/python3.11/site-packages/pip/_vendor/rich/__init__.py
.venv/lib/python3.11/site-packages/pip/_vendor/rich/__main__.py
.venv/lib/python3.11/site-packages/pip/_vendor/rich/_cell_widths.py
.venv/lib/python3.11/site-packages/pip/_vendor/rich/_emoji_codes.py
.venv/lib/python3.11/site-packages/pip/_vendor/rich/_emoji_replace.py
.venv/lib/python3.11/site-packages/pip/_vendor/rich/_export_format.py
.venv/lib/python3.11/site-packages/pip/_vendor/rich/_extension.py
.venv/lib/python3.11/site-packages/pip/_vendor/rich/_fileno.py
.venv/lib/python3.11/site-packages/pip/_vendor/rich/_inspect.py
.venv/lib/python3.11/site-packages/pip/_vendor/rich/_log_render.py
.venv/lib/python3.11/site-packages/pip/_vendor/rich/_loop.py
.venv/lib/python3.11/site-packages/pip/_vendor/rich/_null_file.py
.venv/lib/python3.11/site-packages/pip/_vendor/rich/_palettes.py
.venv/lib/python3.11/site-packages/pip/_vendor/rich/_pick.py
.venv/lib/python3.11/site-packages/pip/_vendor/rich/_ratio.py
.venv/lib/python3.11/site-packages/pip/_vendor/rich/_spinners.py
.venv/lib/python3.11/site-packages/pip/_vendor/rich/_stack.py
.venv/lib/python3.11/site-packages/pip/_vendor/rich/_timer.py
.venv/lib/python3.11/site-packages/pip/_vendor/rich/_win32_console.py
.venv/lib/python3.11/site-packages/pip/_vendor/rich/_windows.py
.venv/lib/python3.11/site-packages/pip/_vendor/rich/_windows_renderer.py
.venv/lib/python3.11/site-packages/pip/_vendor/rich/_wrap.py
.venv/lib/python3.11/site-packages/pip/_vendor/rich/abc.py
.venv/lib/python3.11/site-packages/pip/_vendor/rich/align.py
.venv/lib/python3.11/site-packages/pip/_vendor/rich/ansi.py
.venv/lib/python3.11/site-packages/pip/_vendor/rich/bar.py
.venv/lib/python3.11/site-packages/pip/_vendor/rich/box.py
.venv/lib/python3.11/site-packages/pip/_vendor/rich/cells.py
.venv/lib/python3.11/site-packages/pip/_vendor/rich/color.py
.venv/lib/python3.11/site-packages/pip/_vendor/rich/color_triplet.py
.venv/lib/python3.11/site-packages/pip/_vendor/rich/columns.py
.venv/lib/python3.11/site-packages/pip/_vendor/rich/console.py
.venv/lib/python3.11/site-packages/pip/_vendor/rich/constrain.py
.venv/lib/python3.11/site-packages/pip/_vendor/rich/containers.py
.venv/lib/python3.11/site-packages/pip/_vendor/rich/control.py
.venv/lib/python3.11/site-packages/pip/_vendor/rich/default_styles.py
.venv/lib/python3.11/site-packages/pip/_vendor/rich/diagnose.py
.venv/lib/python3.11/site-packages/pip/_vendor/rich/emoji.py
.venv/lib/python3.11/site-packages/pip/_vendor/rich/errors.py
.venv/lib/python3.11/site-packages/pip/_vendor/rich/file_proxy.py
.venv/lib/python3.11/site-packages/pip/_vendor/rich/filesize.py
.venv/lib/python3.11/site-packages/pip/_vendor/rich/highlighter.py
.venv/lib/python3.11/site-packages/pip/_vendor/rich/json.py
.venv/lib/python3.11/site-packages/pip/_vendor/rich/jupyter.py
.venv/lib/python3.11/site-packages/pip/_vendor/rich/layout.py
.venv/lib/python3.11/site-packages/pip/_vendor/rich/live.py
.venv/lib/python3.11/site-packages/pip/_vendor/rich/live_render.py
.venv/lib/python3.11/site-packages/pip/_vendor/rich/logging.py
.venv/lib/python3.11/site-packages/pip/_vendor/rich/markup.py
.venv/lib/python3.11/site-packages/pip/_vendor/rich/measure.py
.venv/lib/python3.11/site-packages/pip/_vendor/rich/padding.py
.venv/lib/python3.11/site-packages/pip/_vendor/rich/pager.py
.venv/lib/python3.11/site-packages/pip/_vendor/rich/palette.py
.venv/lib/python3.11/site-packages/pip/_vendor/rich/panel.py
.venv/lib/python3.11/site-packages/pip/_vendor/rich/pretty.py
.venv/lib/python3.11/site-packages/pip/_vendor/rich/progress.py
.venv/lib/python3.11/site-packages/pip/_vendor/rich/progress_bar.py
.venv/lib/python3.11/site-packages/pip/_vendor/rich/prompt.py
.venv/lib/python3.11/site-packages/pip/_vendor/rich/protocol.py
.venv/lib/python3.11/site-packages/pip/_vendor/rich/region.py
.venv/lib/python3.11/site-packages/pip/_vendor/rich/repr.py
.venv/lib/python3.11/site-packages/pip/_vendor/rich/rule.py
.venv/lib/python3.11/site-packages/pip/_vendor/rich/scope.py
.venv/lib/python3.11/site-packages/pip/_vendor/rich/screen.py
.venv/lib/python3.11/site-packages/pip/_vendor/rich/segment.py
.venv/lib/python3.11/site-packages/pip/_vendor/rich/spinner.py
.venv/lib/python3.11/site-packages/pip/_vendor/rich/status.py
.venv/lib/python3.11/site-packages/pip/_vendor/rich/style.py
.venv/lib/python3.11/site-packages/pip/_vendor/rich/styled.py
.venv/lib/python3.11/site-packages/pip/_vendor/rich/syntax.py
.venv/lib/python3.11/site-packages/pip/_vendor/rich/table.py
.venv/lib/python3.11/site-packages/pip/_vendor/rich/terminal_theme.py
.venv/lib/python3.11/site-packages/pip/_vendor/rich/text.py
.venv/lib/python3.11/site-packages/pip/_vendor/rich/theme.py
.venv/lib/python3.11/site-packages/pip/_vendor/rich/themes.py
.venv/lib/python3.11/site-packages/pip/_vendor/rich/traceback.py
.venv/lib/python3.11/site-packages/pip/_vendor/rich/tree.py
.venv/lib/python3.11/site-packages/pip/_vendor/rich/__pycache__/
.venv/lib/python3.11/site-packages/pip/_vendor/tenacity/
.venv/lib/python3.11/site-packages/pip/_vendor/tenacity/__init__.py
.venv/lib/python3.11/site-packages/pip/_vendor/tenacity/_asyncio.py
.venv/lib/python3.11/site-packages/pip/_vendor/tenacity/_utils.py
.venv/lib/python3.11/site-packages/pip/_vendor/tenacity/after.py
.venv/lib/python3.11/site-packages/pip/_vendor/tenacity/before.py
.venv/lib/python3.11/site-packages/pip/_vendor/tenacity/before_sleep.py
.venv/lib/python3.11/site-packages/pip/_vendor/tenacity/nap.py
.venv/lib/python3.11/site-packages/pip/_vendor/tenacity/retry.py
.venv/lib/python3.11/site-packages/pip/_vendor/tenacity/stop.py
.venv/lib/python3.11/site-packages/pip/_vendor/tenacity/tornadoweb.py
.venv/lib/python3.11/site-packages/pip/_vendor/tenacity/wait.py
.venv/lib/python3.11/site-packages/pip/_vendor/tenacity/__pycache__/
.venv/lib/python3.11/site-packages/pip/_vendor/tomli/
.venv/lib/python3.11/site-packages/pip/_vendor/tomli/__init__.py
.venv/lib/python3.11/site-packages/pip/_vendor/tomli/_parser.py
.venv/lib/python3.11/site-packages/pip/_vendor/tomli/_re.py
.venv/lib/python3.11/site-packages/pip/_vendor/tomli/_types.py
.venv/lib/python3.11/site-packages/pip/_vendor/tomli/__pycache__/
.venv/lib/python3.11/site-packages/pip/_vendor/urllib3/
.venv/lib/python3.11/site-packages/pip/_vendor/urllib3/__init__.py
.venv/lib/python3.11/site-packages/pip/_vendor/urllib3/_collections.py
.venv/lib/python3.11/site-packages/pip/_vendor/urllib3/_version.py
.venv/lib/python3.11/site-packages/pip/_vendor/urllib3/connection.py
.venv/lib/python3.11/site-packages/pip/_vendor/urllib3/connectionpool.py
.venv/lib/python3.11/site-packages/pip/_vendor/urllib3/exceptions.py
.venv/lib/python3.11/site-packages/pip/_vendor/urllib3/fields.py
.venv/lib/python3.11/site-packages/pip/_vendor/urllib3/filepost.py
.venv/lib/python3.11/site-packages/pip/_vendor/urllib3/poolmanager.py
.venv/lib/python3.11/site-packages/pip/_vendor/urllib3/request.py
.venv/lib/python3.11/site-packages/pip/_vendor/urllib3/response.py
.venv/lib/python3.11/site-packages/pip/_vendor/urllib3/__pycache__/
.venv/lib/python3.11/site-packages/pip/_vendor/urllib3/contrib/
.venv/lib/python3.11/site-packages/pip/_vendor/urllib3/contrib/__init__.py
.venv/lib/python3.11/site-packages/pip/_vendor/urllib3/contrib/_appengine_environ.py
.venv/lib/python3.11/site-packages/pip/_vendor/urllib3/contrib/appengine.py
.venv/lib/python3.11/site-packages/pip/_vendor/urllib3/contrib/ntlmpool.py
.venv/lib/python3.11/site-packages/pip/_vendor/urllib3/contrib/pyopenssl.py
.venv/lib/python3.11/site-packages/pip/_vendor/urllib3/contrib/securetransport.py
.venv/lib/python3.11/site-packages/pip/_vendor/urllib3/contrib/socks.py
.venv/lib/python3.11/site-packages/pip/_vendor/urllib3/contrib/__pycache__/
.venv/lib/python3.11/site-packages/pip/_vendor/urllib3/contrib/_securetransport/
.venv/lib/python3.11/site-packages/pip/_vendor/urllib3/contrib/_securetransport/__init__.py
.venv/lib/python3.11/site-packages/pip/_vendor/urllib3/contrib/_securetransport/bindings.py
.venv/lib/python3.11/site-packages/pip/_vendor/urllib3/contrib/_securetransport/low_level.py
.venv/lib/python3.11/site-packages/pip/_vendor/urllib3/contrib/_securetransport/__pycache__/
.venv/lib/python3.11/site-packages/pip/_vendor/urllib3/packages/
.venv/lib/python3.11/site-packages/pip/_vendor/urllib3/packages/__init__.py
.venv/lib/python3.11/site-packages/pip/_vendor/urllib3/packages/six.py
.venv/lib/python3.11/site-packages/pip/_vendor/urllib3/packages/__pycache__/
.venv/lib/python3.11/site-packages/pip/_vendor/urllib3/packages/backports/
.venv/lib/python3.11/site-packages/pip/_vendor/urllib3/packages/backports/__init__.py
.venv/lib/python3.11/site-packages/pip/_vendor/urllib3/packages/backports/makefile.py
.venv/lib/python3.11/site-packages/pip/_vendor/urllib3/packages/backports/weakref_finalize.py
.venv/lib/python3.11/site-packages/pip/_vendor/urllib3/packages/backports/__pycache__/
.venv/lib/python3.11/site-packages/pip/_vendor/urllib3/util/
.venv/lib/python3.11/site-packages/pip/_vendor/urllib3/util/__init__.py
.venv/lib/python3.11/site-packages/pip/_vendor/urllib3/util/connection.py
.venv/lib/python3.11/site-packages/pip/_vendor/urllib3/util/proxy.py
.venv/lib/python3.11/site-packages/pip/_vendor/urllib3/util/queue.py
.venv/lib/python3.11/site-packages/pip/_vendor/urllib3/util/request.py
.venv/lib/python3.11/site-packages/pip/_vendor/urllib3/util/response.py
.venv/lib/python3.11/site-packages/pip/_vendor/urllib3/util/retry.py
.venv/lib/python3.11/site-packages/pip/_vendor/urllib3/util/ssl_.py
.venv/lib/python3.11/site-packages/pip/_vendor/urllib3/util/ssl_match_hostname.py
.venv/lib/python3.11/site-packages/pip/_vendor/urllib3/util/ssltransport.py
.venv/lib/python3.11/site-packages/pip/_vendor/urllib3/util/timeout.py
.venv/lib/python3.11/site-packages/pip/_vendor/urllib3/util/url.py
.venv/lib/python3.11/site-packages/pip/_vendor/urllib3/util/wait.py
.venv/lib/python3.11/site-packages/pip/_vendor/urllib3/util/__pycache__/
.venv/lib/python3.11/site-packages/pip/_vendor/webencodings/
.venv/lib/python3.11/site-packages/pip/_vendor/webencodings/__init__.py
.venv/lib/python3.11/site-packages/pip/_vendor/webencodings/labels.py
.venv/lib/python3.11/site-packages/pip/_vendor/webencodings/mklabels.py
.venv/lib/python3.11/site-packages/pip/_vendor/webencodings/tests.py
.venv/lib/python3.11/site-packages/pip/_vendor/webencodings/x_user_defined.py
.venv/lib/python3.11/site-packages/pip/_vendor/webencodings/__pycache__/
.venv/lib/python3.11/site-packages/pipreqs-0.4.13.dist-info/
.venv/lib/python3.11/site-packages/pipreqs-0.4.13.dist-info/AUTHORS.rst
.venv/lib/python3.11/site-packages/pipreqs-0.4.13.dist-info/INSTALLER
.venv/lib/python3.11/site-packages/pipreqs-0.4.13.dist-info/LICENSE
.venv/lib/python3.11/site-packages/pipreqs-0.4.13.dist-info/METADATA
.venv/lib/python3.11/site-packages/pipreqs-0.4.13.dist-info/RECORD
.venv/lib/python3.11/site-packages/pipreqs-0.4.13.dist-info/REQUESTED
.venv/lib/python3.11/site-packages/pipreqs-0.4.13.dist-info/WHEEL
.venv/lib/python3.11/site-packages/pipreqs-0.4.13.dist-info/entry_points.txt
.venv/lib/python3.11/site-packages/pipreqs-0.4.13.dist-info/top_level.txt
.venv/lib/python3.11/site-packages/pipreqs/
.venv/lib/python3.11/site-packages/pipreqs/__init__.py
.venv/lib/python3.11/site-packages/pipreqs/mapping
.venv/lib/python3.11/site-packages/pipreqs/pipreqs.py
.venv/lib/python3.11/site-packages/pipreqs/stdlib
.venv/lib/python3.11/site-packages/pipreqs/__pycache__/
.venv/lib/python3.11/site-packages/pkg_resources/
.venv/lib/python3.11/site-packages/pkg_resources/__init__.py
.venv/lib/python3.11/site-packages/pkg_resources/__pycache__/
.venv/lib/python3.11/site-packages/pkg_resources/_vendor/
.venv/lib/python3.11/site-packages/pkg_resources/_vendor/__init__.py
.venv/lib/python3.11/site-packages/pkg_resources/_vendor/appdirs.py
.venv/lib/python3.11/site-packages/pkg_resources/_vendor/zipp.py
.venv/lib/python3.11/site-packages/pkg_resources/_vendor/__pycache__/
.venv/lib/python3.11/site-packages/pkg_resources/_vendor/importlib_resources/
.venv/lib/python3.11/site-packages/pkg_resources/_vendor/importlib_resources/__init__.py
.venv/lib/python3.11/site-packages/pkg_resources/_vendor/importlib_resources/_adapters.py
.venv/lib/python3.11/site-packages/pkg_resources/_vendor/importlib_resources/_common.py
.venv/lib/python3.11/site-packages/pkg_resources/_vendor/importlib_resources/_compat.py
.venv/lib/python3.11/site-packages/pkg_resources/_vendor/importlib_resources/_itertools.py
.venv/lib/python3.11/site-packages/pkg_resources/_vendor/importlib_resources/_legacy.py
.venv/lib/python3.11/site-packages/pkg_resources/_vendor/importlib_resources/abc.py
.venv/lib/python3.11/site-packages/pkg_resources/_vendor/importlib_resources/readers.py
.venv/lib/python3.11/site-packages/pkg_resources/_vendor/importlib_resources/simple.py
.venv/lib/python3.11/site-packages/pkg_resources/_vendor/importlib_resources/__pycache__/
.venv/lib/python3.11/site-packages/pkg_resources/_vendor/jaraco/
.venv/lib/python3.11/site-packages/pkg_resources/_vendor/jaraco/__init__.py
.venv/lib/python3.11/site-packages/pkg_resources/_vendor/jaraco/context.py
.venv/lib/python3.11/site-packages/pkg_resources/_vendor/jaraco/functools.py
.venv/lib/python3.11/site-packages/pkg_resources/_vendor/jaraco/__pycache__/
.venv/lib/python3.11/site-packages/pkg_resources/_vendor/jaraco/text/
.venv/lib/python3.11/site-packages/pkg_resources/_vendor/jaraco/text/__init__.py
.venv/lib/python3.11/site-packages/pkg_resources/_vendor/jaraco/text/__pycache__/
.venv/lib/python3.11/site-packages/pkg_resources/_vendor/more_itertools/
.venv/lib/python3.11/site-packages/pkg_resources/_vendor/more_itertools/__init__.py
.venv/lib/python3.11/site-packages/pkg_resources/_vendor/more_itertools/more.py
.venv/lib/python3.11/site-packages/pkg_resources/_vendor/more_itertools/recipes.py
.venv/lib/python3.11/site-packages/pkg_resources/_vendor/more_itertools/__pycache__/
.venv/lib/python3.11/site-packages/pkg_resources/_vendor/packaging/
.venv/lib/python3.11/site-packages/pkg_resources/_vendor/packaging/__about__.py
.venv/lib/python3.11/site-packages/pkg_resources/_vendor/packaging/__init__.py
.venv/lib/python3.11/site-packages/pkg_resources/_vendor/packaging/_manylinux.py
.venv/lib/python3.11/site-packages/pkg_resources/_vendor/packaging/_musllinux.py
.venv/lib/python3.11/site-packages/pkg_resources/_vendor/packaging/_structures.py
.venv/lib/python3.11/site-packages/pkg_resources/_vendor/packaging/markers.py
.venv/lib/python3.11/site-packages/pkg_resources/_vendor/packaging/requirements.py
.venv/lib/python3.11/site-packages/pkg_resources/_vendor/packaging/specifiers.py
.venv/lib/python3.11/site-packages/pkg_resources/_vendor/packaging/tags.py
.venv/lib/python3.11/site-packages/pkg_resources/_vendor/packaging/utils.py
.venv/lib/python3.11/site-packages/pkg_resources/_vendor/packaging/version.py
.venv/lib/python3.11/site-packages/pkg_resources/_vendor/packaging/__pycache__/
.venv/lib/python3.11/site-packages/pkg_resources/_vendor/pyparsing/
.venv/lib/python3.11/site-packages/pkg_resources/_vendor/pyparsing/__init__.py
.venv/lib/python3.11/site-packages/pkg_resources/_vendor/pyparsing/actions.py
.venv/lib/python3.11/site-packages/pkg_resources/_vendor/pyparsing/common.py
.venv/lib/python3.11/site-packages/pkg_resources/_vendor/pyparsing/core.py
.venv/lib/python3.11/site-packages/pkg_resources/_vendor/pyparsing/exceptions.py
.venv/lib/python3.11/site-packages/pkg_resources/_vendor/pyparsing/helpers.py
.venv/lib/python3.11/site-packages/pkg_resources/_vendor/pyparsing/results.py
.venv/lib/python3.11/site-packages/pkg_resources/_vendor/pyparsing/testing.py
.venv/lib/python3.11/site-packages/pkg_resources/_vendor/pyparsing/unicode.py
.venv/lib/python3.11/site-packages/pkg_resources/_vendor/pyparsing/util.py
.venv/lib/python3.11/site-packages/pkg_resources/_vendor/pyparsing/__pycache__/
.venv/lib/python3.11/site-packages/pkg_resources/_vendor/pyparsing/diagram/
.venv/lib/python3.11/site-packages/pkg_resources/_vendor/pyparsing/diagram/__init__.py
.venv/lib/python3.11/site-packages/pkg_resources/_vendor/pyparsing/diagram/__pycache__/
.venv/lib/python3.11/site-packages/pkg_resources/extern/
.venv/lib/python3.11/site-packages/pkg_resources/extern/__init__.py
.venv/lib/python3.11/site-packages/pkg_resources/extern/__pycache__/
.venv/lib/python3.11/site-packages/psycopg2/
.venv/lib/python3.11/site-packages/psycopg2/__init__.py
.venv/lib/python3.11/site-packages/psycopg2/_ipaddress.py
.venv/lib/python3.11/site-packages/psycopg2/_json.py
.venv/lib/python3.11/site-packages/psycopg2/_psycopg.cpython-311-darwin.so
.venv/lib/python3.11/site-packages/psycopg2/_range.py
.venv/lib/python3.11/site-packages/psycopg2/errorcodes.py
.venv/lib/python3.11/site-packages/psycopg2/errors.py
.venv/lib/python3.11/site-packages/psycopg2/extensions.py
.venv/lib/python3.11/site-packages/psycopg2/extras.py
.venv/lib/python3.11/site-packages/psycopg2/pool.py
.venv/lib/python3.11/site-packages/psycopg2/sql.py
.venv/lib/python3.11/site-packages/psycopg2/tz.py
.venv/lib/python3.11/site-packages/psycopg2/.dylibs/
.venv/lib/python3.11/site-packages/psycopg2/.dylibs/libcom_err.3.0.dylib
.venv/lib/python3.11/site-packages/psycopg2/.dylibs/libcrypto.3.dylib
.venv/lib/python3.11/site-packages/psycopg2/.dylibs/libgssapi_krb5.2.2.dylib
.venv/lib/python3.11/site-packages/psycopg2/.dylibs/libintl.8.dylib
.venv/lib/python3.11/site-packages/psycopg2/.dylibs/libk5crypto.3.1.dylib
.venv/lib/python3.11/site-packages/psycopg2/.dylibs/libkrb5.3.3.dylib
.venv/lib/python3.11/site-packages/psycopg2/.dylibs/libkrb5support.1.1.dylib
.venv/lib/python3.11/site-packages/psycopg2/.dylibs/libpq.5.dylib
.venv/lib/python3.11/site-packages/psycopg2/.dylibs/libssl.3.dylib
.venv/lib/python3.11/site-packages/psycopg2/__pycache__/
.venv/lib/python3.11/site-packages/psycopg2_binary-2.9.9.dist-info/
.venv/lib/python3.11/site-packages/psycopg2_binary-2.9.9.dist-info/INSTALLER
.venv/lib/python3.11/site-packages/psycopg2_binary-2.9.9.dist-info/LICENSE
.venv/lib/python3.11/site-packages/psycopg2_binary-2.9.9.dist-info/METADATA
.venv/lib/python3.11/site-packages/psycopg2_binary-2.9.9.dist-info/RECORD
.venv/lib/python3.11/site-packages/psycopg2_binary-2.9.9.dist-info/REQUESTED
.venv/lib/python3.11/site-packages/psycopg2_binary-2.9.9.dist-info/WHEEL
.venv/lib/python3.11/site-packages/psycopg2_binary-2.9.9.dist-info/top_level.txt
.venv/lib/python3.11/site-packages/pyasn1-0.6.2.dist-info/
.venv/lib/python3.11/site-packages/pyasn1-0.6.2.dist-info/INSTALLER
.venv/lib/python3.11/site-packages/pyasn1-0.6.2.dist-info/METADATA
.venv/lib/python3.11/site-packages/pyasn1-0.6.2.dist-info/RECORD
.venv/lib/python3.11/site-packages/pyasn1-0.6.2.dist-info/WHEEL
.venv/lib/python3.11/site-packages/pyasn1-0.6.2.dist-info/top_level.txt
.venv/lib/python3.11/site-packages/pyasn1-0.6.2.dist-info/zip-safe
.venv/lib/python3.11/site-packages/pyasn1-0.6.2.dist-info/licenses/
.venv/lib/python3.11/site-packages/pyasn1-0.6.2.dist-info/licenses/LICENSE.rst
.venv/lib/python3.11/site-packages/pyasn1/
.venv/lib/python3.11/site-packages/pyasn1/__init__.py
.venv/lib/python3.11/site-packages/pyasn1/debug.py
.venv/lib/python3.11/site-packages/pyasn1/error.py
.venv/lib/python3.11/site-packages/pyasn1/__pycache__/
.venv/lib/python3.11/site-packages/pyasn1/codec/
.venv/lib/python3.11/site-packages/pyasn1/codec/__init__.py
.venv/lib/python3.11/site-packages/pyasn1/codec/streaming.py
.venv/lib/python3.11/site-packages/pyasn1/codec/__pycache__/
.venv/lib/python3.11/site-packages/pyasn1/codec/ber/
.venv/lib/python3.11/site-packages/pyasn1/codec/ber/__init__.py
.venv/lib/python3.11/site-packages/pyasn1/codec/ber/decoder.py
.venv/lib/python3.11/site-packages/pyasn1/codec/ber/encoder.py
.venv/lib/python3.11/site-packages/pyasn1/codec/ber/eoo.py
.venv/lib/python3.11/site-packages/pyasn1/codec/ber/__pycache__/
.venv/lib/python3.11/site-packages/pyasn1/codec/cer/
.venv/lib/python3.11/site-packages/pyasn1/codec/cer/__init__.py
.venv/lib/python3.11/site-packages/pyasn1/codec/cer/decoder.py
.venv/lib/python3.11/site-packages/pyasn1/codec/cer/encoder.py
.venv/lib/python3.11/site-packages/pyasn1/codec/cer/__pycache__/
.venv/lib/python3.11/site-packages/pyasn1/codec/der/
.venv/lib/python3.11/site-packages/pyasn1/codec/der/__init__.py
.venv/lib/python3.11/site-packages/pyasn1/codec/der/decoder.py
.venv/lib/python3.11/site-packages/pyasn1/codec/der/encoder.py
.venv/lib/python3.11/site-packages/pyasn1/codec/der/__pycache__/
.venv/lib/python3.11/site-packages/pyasn1/codec/native/
.venv/lib/python3.11/site-packages/pyasn1/codec/native/__init__.py
.venv/lib/python3.11/site-packages/pyasn1/codec/native/decoder.py
.venv/lib/python3.11/site-packages/pyasn1/codec/native/encoder.py
.venv/lib/python3.11/site-packages/pyasn1/codec/native/__pycache__/
.venv/lib/python3.11/site-packages/pyasn1/compat/
.venv/lib/python3.11/site-packages/pyasn1/compat/__init__.py
.venv/lib/python3.11/site-packages/pyasn1/compat/integer.py
.venv/lib/python3.11/site-packages/pyasn1/compat/__pycache__/
.venv/lib/python3.11/site-packages/pyasn1/type/
.venv/lib/python3.11/site-packages/pyasn1/type/__init__.py
.venv/lib/python3.11/site-packages/pyasn1/type/base.py
.venv/lib/python3.11/site-packages/pyasn1/type/char.py
.venv/lib/python3.11/site-packages/pyasn1/type/constraint.py
.venv/lib/python3.11/site-packages/pyasn1/type/error.py
.venv/lib/python3.11/site-packages/pyasn1/type/namedtype.py
.venv/lib/python3.11/site-packages/pyasn1/type/namedval.py
.venv/lib/python3.11/site-packages/pyasn1/type/opentype.py
.venv/lib/python3.11/site-packages/pyasn1/type/tag.py
.venv/lib/python3.11/site-packages/pyasn1/type/tagmap.py
.venv/lib/python3.11/site-packages/pyasn1/type/univ.py
.venv/lib/python3.11/site-packages/pyasn1/type/useful.py
.venv/lib/python3.11/site-packages/pyasn1/type/__pycache__/
.venv/lib/python3.11/site-packages/pycparser-3.0.dist-info/
.venv/lib/python3.11/site-packages/pycparser-3.0.dist-info/INSTALLER
.venv/lib/python3.11/site-packages/pycparser-3.0.dist-info/METADATA
.venv/lib/python3.11/site-packages/pycparser-3.0.dist-info/RECORD
.venv/lib/python3.11/site-packages/pycparser-3.0.dist-info/WHEEL
.venv/lib/python3.11/site-packages/pycparser-3.0.dist-info/top_level.txt
.venv/lib/python3.11/site-packages/pycparser-3.0.dist-info/licenses/
.venv/lib/python3.11/site-packages/pycparser-3.0.dist-info/licenses/LICENSE
.venv/lib/python3.11/site-packages/pycparser/
.venv/lib/python3.11/site-packages/pycparser/__init__.py
.venv/lib/python3.11/site-packages/pycparser/_ast_gen.py
.venv/lib/python3.11/site-packages/pycparser/_c_ast.cfg
.venv/lib/python3.11/site-packages/pycparser/ast_transforms.py
.venv/lib/python3.11/site-packages/pycparser/c_ast.py
.venv/lib/python3.11/site-packages/pycparser/c_generator.py
.venv/lib/python3.11/site-packages/pycparser/c_lexer.py
.venv/lib/python3.11/site-packages/pycparser/c_parser.py
.venv/lib/python3.11/site-packages/pycparser/__pycache__/
.venv/lib/python3.11/site-packages/pydantic-2.12.5.dist-info/
.venv/lib/python3.11/site-packages/pydantic-2.12.5.dist-info/INSTALLER
.venv/lib/python3.11/site-packages/pydantic-2.12.5.dist-info/METADATA
.venv/lib/python3.11/site-packages/pydantic-2.12.5.dist-info/RECORD
.venv/lib/python3.11/site-packages/pydantic-2.12.5.dist-info/REQUESTED
.venv/lib/python3.11/site-packages/pydantic-2.12.5.dist-info/WHEEL
.venv/lib/python3.11/site-packages/pydantic-2.12.5.dist-info/licenses/
.venv/lib/python3.11/site-packages/pydantic-2.12.5.dist-info/licenses/LICENSE
.venv/lib/python3.11/site-packages/pydantic/
.venv/lib/python3.11/site-packages/pydantic/__init__.py
.venv/lib/python3.11/site-packages/pydantic/_migration.py
.venv/lib/python3.11/site-packages/pydantic/alias_generators.py
.venv/lib/python3.11/site-packages/pydantic/aliases.py
.venv/lib/python3.11/site-packages/pydantic/annotated_handlers.py
.venv/lib/python3.11/site-packages/pydantic/class_validators.py
.venv/lib/python3.11/site-packages/pydantic/color.py
.venv/lib/python3.11/site-packages/pydantic/config.py
.venv/lib/python3.11/site-packages/pydantic/dataclasses.py
.venv/lib/python3.11/site-packages/pydantic/datetime_parse.py
.venv/lib/python3.11/site-packages/pydantic/decorator.py
.venv/lib/python3.11/site-packages/pydantic/env_settings.py
.venv/lib/python3.11/site-packages/pydantic/error_wrappers.py
.venv/lib/python3.11/site-packages/pydantic/errors.py
.venv/lib/python3.11/site-packages/pydantic/fields.py
.venv/lib/python3.11/site-packages/pydantic/functional_serializers.py
.venv/lib/python3.11/site-packages/pydantic/functional_validators.py
.venv/lib/python3.11/site-packages/pydantic/generics.py
.venv/lib/python3.11/site-packages/pydantic/json.py
.venv/lib/python3.11/site-packages/pydantic/json_schema.py
.venv/lib/python3.11/site-packages/pydantic/main.py
.venv/lib/python3.11/site-packages/pydantic/mypy.py
.venv/lib/python3.11/site-packages/pydantic/networks.py
.venv/lib/python3.11/site-packages/pydantic/parse.py
.venv/lib/python3.11/site-packages/pydantic/py.typed
.venv/lib/python3.11/site-packages/pydantic/root_model.py
.venv/lib/python3.11/site-packages/pydantic/schema.py
.venv/lib/python3.11/site-packages/pydantic/tools.py
.venv/lib/python3.11/site-packages/pydantic/type_adapter.py
.venv/lib/python3.11/site-packages/pydantic/types.py
.venv/lib/python3.11/site-packages/pydantic/typing.py
.venv/lib/python3.11/site-packages/pydantic/utils.py
.venv/lib/python3.11/site-packages/pydantic/validate_call_decorator.py
.venv/lib/python3.11/site-packages/pydantic/validators.py
.venv/lib/python3.11/site-packages/pydantic/version.py
.venv/lib/python3.11/site-packages/pydantic/warnings.py
.venv/lib/python3.11/site-packages/pydantic/__pycache__/
.venv/lib/python3.11/site-packages/pydantic/_internal/
.venv/lib/python3.11/site-packages/pydantic/_internal/__init__.py
.venv/lib/python3.11/site-packages/pydantic/_internal/_config.py
.venv/lib/python3.11/site-packages/pydantic/_internal/_core_metadata.py
.venv/lib/python3.11/site-packages/pydantic/_internal/_core_utils.py
.venv/lib/python3.11/site-packages/pydantic/_internal/_dataclasses.py
.venv/lib/python3.11/site-packages/pydantic/_internal/_decorators.py
.venv/lib/python3.11/site-packages/pydantic/_internal/_decorators_v1.py
.venv/lib/python3.11/site-packages/pydantic/_internal/_discriminated_union.py
.venv/lib/python3.11/site-packages/pydantic/_internal/_docs_extraction.py
.venv/lib/python3.11/site-packages/pydantic/_internal/_fields.py
.venv/lib/python3.11/site-packages/pydantic/_internal/_forward_ref.py
.venv/lib/python3.11/site-packages/pydantic/_internal/_generate_schema.py
.venv/lib/python3.11/site-packages/pydantic/_internal/_generics.py
.venv/lib/python3.11/site-packages/pydantic/_internal/_git.py
.venv/lib/python3.11/site-packages/pydantic/_internal/_import_utils.py
.venv/lib/python3.11/site-packages/pydantic/_internal/_internal_dataclass.py
.venv/lib/python3.11/site-packages/pydantic/_internal/_known_annotated_metadata.py
.venv/lib/python3.11/site-packages/pydantic/_internal/_mock_val_ser.py
.venv/lib/python3.11/site-packages/pydantic/_internal/_model_construction.py
.venv/lib/python3.11/site-packages/pydantic/_internal/_namespace_utils.py
.venv/lib/python3.11/site-packages/pydantic/_internal/_repr.py
.venv/lib/python3.11/site-packages/pydantic/_internal/_schema_gather.py
.venv/lib/python3.11/site-packages/pydantic/_internal/_schema_generation_shared.py
.venv/lib/python3.11/site-packages/pydantic/_internal/_serializers.py
.venv/lib/python3.11/site-packages/pydantic/_internal/_signature.py
.venv/lib/python3.11/site-packages/pydantic/_internal/_typing_extra.py
.venv/lib/python3.11/site-packages/pydantic/_internal/_utils.py
.venv/lib/python3.11/site-packages/pydantic/_internal/_validate_call.py
.venv/lib/python3.11/site-packages/pydantic/_internal/_validators.py
.venv/lib/python3.11/site-packages/pydantic/_internal/__pycache__/
.venv/lib/python3.11/site-packages/pydantic/deprecated/
.venv/lib/python3.11/site-packages/pydantic/deprecated/__init__.py
.venv/lib/python3.11/site-packages/pydantic/deprecated/class_validators.py
.venv/lib/python3.11/site-packages/pydantic/deprecated/config.py
.venv/lib/python3.11/site-packages/pydantic/deprecated/copy_internals.py
.venv/lib/python3.11/site-packages/pydantic/deprecated/decorator.py
.venv/lib/python3.11/site-packages/pydantic/deprecated/json.py
.venv/lib/python3.11/site-packages/pydantic/deprecated/parse.py
.venv/lib/python3.11/site-packages/pydantic/deprecated/tools.py
.venv/lib/python3.11/site-packages/pydantic/deprecated/__pycache__/
.venv/lib/python3.11/site-packages/pydantic/experimental/
.venv/lib/python3.11/site-packages/pydantic/experimental/__init__.py
.venv/lib/python3.11/site-packages/pydantic/experimental/arguments_schema.py
.venv/lib/python3.11/site-packages/pydantic/experimental/missing_sentinel.py
.venv/lib/python3.11/site-packages/pydantic/experimental/pipeline.py
.venv/lib/python3.11/site-packages/pydantic/experimental/__pycache__/
.venv/lib/python3.11/site-packages/pydantic/plugin/
.venv/lib/python3.11/site-packages/pydantic/plugin/__init__.py
.venv/lib/python3.11/site-packages/pydantic/plugin/_loader.py
.venv/lib/python3.11/site-packages/pydantic/plugin/_schema_validator.py
.venv/lib/python3.11/site-packages/pydantic/plugin/__pycache__/
.venv/lib/python3.11/site-packages/pydantic/v1/
.venv/lib/python3.11/site-packages/pydantic/v1/__init__.py
.venv/lib/python3.11/site-packages/pydantic/v1/_hypothesis_plugin.py
.venv/lib/python3.11/site-packages/pydantic/v1/annotated_types.py
.venv/lib/python3.11/site-packages/pydantic/v1/class_validators.py
.venv/lib/python3.11/site-packages/pydantic/v1/color.py
.venv/lib/python3.11/site-packages/pydantic/v1/config.py
.venv/lib/python3.11/site-packages/pydantic/v1/dataclasses.py
.venv/lib/python3.11/site-packages/pydantic/v1/datetime_parse.py
.venv/lib/python3.11/site-packages/pydantic/v1/decorator.py
.venv/lib/python3.11/site-packages/pydantic/v1/env_settings.py
.venv/lib/python3.11/site-packages/pydantic/v1/error_wrappers.py
.venv/lib/python3.11/site-packages/pydantic/v1/errors.py
.venv/lib/python3.11/site-packages/pydantic/v1/fields.py
.venv/lib/python3.11/site-packages/pydantic/v1/generics.py
.venv/lib/python3.11/site-packages/pydantic/v1/json.py
.venv/lib/python3.11/site-packages/pydantic/v1/main.py
.venv/lib/python3.11/site-packages/pydantic/v1/mypy.py
.venv/lib/python3.11/site-packages/pydantic/v1/networks.py
.venv/lib/python3.11/site-packages/pydantic/v1/parse.py
.venv/lib/python3.11/site-packages/pydantic/v1/py.typed
.venv/lib/python3.11/site-packages/pydantic/v1/schema.py
.venv/lib/python3.11/site-packages/pydantic/v1/tools.py
.venv/lib/python3.11/site-packages/pydantic/v1/types.py
.venv/lib/python3.11/site-packages/pydantic/v1/typing.py
.venv/lib/python3.11/site-packages/pydantic/v1/utils.py
.venv/lib/python3.11/site-packages/pydantic/v1/validators.py
.venv/lib/python3.11/site-packages/pydantic/v1/version.py
.venv/lib/python3.11/site-packages/pydantic/v1/__pycache__/
.venv/lib/python3.11/site-packages/pydantic_core-2.41.5.dist-info/
.venv/lib/python3.11/site-packages/pydantic_core-2.41.5.dist-info/INSTALLER
.venv/lib/python3.11/site-packages/pydantic_core-2.41.5.dist-info/METADATA
.venv/lib/python3.11/site-packages/pydantic_core-2.41.5.dist-info/RECORD
.venv/lib/python3.11/site-packages/pydantic_core-2.41.5.dist-info/REQUESTED
.venv/lib/python3.11/site-packages/pydantic_core-2.41.5.dist-info/WHEEL
.venv/lib/python3.11/site-packages/pydantic_core-2.41.5.dist-info/licenses/
.venv/lib/python3.11/site-packages/pydantic_core-2.41.5.dist-info/licenses/LICENSE
.venv/lib/python3.11/site-packages/pydantic_core/
.venv/lib/python3.11/site-packages/pydantic_core/__init__.py
.venv/lib/python3.11/site-packages/pydantic_core/_pydantic_core.cpython-311-darwin.so
.venv/lib/python3.11/site-packages/pydantic_core/_pydantic_core.pyi
.venv/lib/python3.11/site-packages/pydantic_core/core_schema.py
.venv/lib/python3.11/site-packages/pydantic_core/py.typed
.venv/lib/python3.11/site-packages/pydantic_core/__pycache__/
.venv/lib/python3.11/site-packages/pypdfium2-5.5.0.dist-info/
.venv/lib/python3.11/site-packages/pypdfium2-5.5.0.dist-info/INSTALLER
.venv/lib/python3.11/site-packages/pypdfium2-5.5.0.dist-info/METADATA
.venv/lib/python3.11/site-packages/pypdfium2-5.5.0.dist-info/RECORD
.venv/lib/python3.11/site-packages/pypdfium2-5.5.0.dist-info/WHEEL
.venv/lib/python3.11/site-packages/pypdfium2-5.5.0.dist-info/entry_points.txt
.venv/lib/python3.11/site-packages/pypdfium2-5.5.0.dist-info/top_level.txt
.venv/lib/python3.11/site-packages/pypdfium2-5.5.0.dist-info/licenses/
.venv/lib/python3.11/site-packages/pypdfium2-5.5.0.dist-info/licenses/LICENSES/
.venv/lib/python3.11/site-packages/pypdfium2-5.5.0.dist-info/licenses/LICENSES/Apache-2.0.txt
.venv/lib/python3.11/site-packages/pypdfium2-5.5.0.dist-info/licenses/LICENSES/BSD-3-Clause.txt
.venv/lib/python3.11/site-packages/pypdfium2-5.5.0.dist-info/licenses/LICENSES/CC-BY-4.0.txt
.venv/lib/python3.11/site-packages/pypdfium2-5.5.0.dist-info/licenses/data/
.venv/lib/python3.11/site-packages/pypdfium2-5.5.0.dist-info/licenses/data/darwin_arm64/
.venv/lib/python3.11/site-packages/pypdfium2-5.5.0.dist-info/licenses/data/darwin_arm64/BUILD_LICENSES/
.venv/lib/python3.11/site-packages/pypdfium2-5.5.0.dist-info/licenses/data/darwin_arm64/BUILD_LICENSES/abseil.txt
.venv/lib/python3.11/site-packages/pypdfium2-5.5.0.dist-info/licenses/data/darwin_arm64/BUILD_LICENSES/agg23.txt
.venv/lib/python3.11/site-packages/pypdfium2-5.5.0.dist-info/licenses/data/darwin_arm64/BUILD_LICENSES/fast_float.txt
.venv/lib/python3.11/site-packages/pypdfium2-5.5.0.dist-info/licenses/data/darwin_arm64/BUILD_LICENSES/freetype.txt
.venv/lib/python3.11/site-packages/pypdfium2-5.5.0.dist-info/licenses/data/darwin_arm64/BUILD_LICENSES/icu.txt
.venv/lib/python3.11/site-packages/pypdfium2-5.5.0.dist-info/licenses/data/darwin_arm64/BUILD_LICENSES/lcms.txt
.venv/lib/python3.11/site-packages/pypdfium2-5.5.0.dist-info/licenses/data/darwin_arm64/BUILD_LICENSES/libjpeg_turbo.ijg
.venv/lib/python3.11/site-packages/pypdfium2-5.5.0.dist-info/licenses/data/darwin_arm64/BUILD_LICENSES/libjpeg_turbo.md
.venv/lib/python3.11/site-packages/pypdfium2-5.5.0.dist-info/licenses/data/darwin_arm64/BUILD_LICENSES/libopenjpeg.txt
.venv/lib/python3.11/site-packages/pypdfium2-5.5.0.dist-info/licenses/data/darwin_arm64/BUILD_LICENSES/libpng.txt
.venv/lib/python3.11/site-packages/pypdfium2-5.5.0.dist-info/licenses/data/darwin_arm64/BUILD_LICENSES/libtiff.txt
.venv/lib/python3.11/site-packages/pypdfium2-5.5.0.dist-info/licenses/data/darwin_arm64/BUILD_LICENSES/llvm-libc.txt
.venv/lib/python3.11/site-packages/pypdfium2-5.5.0.dist-info/licenses/data/darwin_arm64/BUILD_LICENSES/pdfium-binaries.txt
.venv/lib/python3.11/site-packages/pypdfium2-5.5.0.dist-info/licenses/data/darwin_arm64/BUILD_LICENSES/pdfium.txt
.venv/lib/python3.11/site-packages/pypdfium2-5.5.0.dist-info/licenses/data/darwin_arm64/BUILD_LICENSES/simdutf.txt
.venv/lib/python3.11/site-packages/pypdfium2-5.5.0.dist-info/licenses/data/darwin_arm64/BUILD_LICENSES/zlib.txt
.venv/lib/python3.11/site-packages/pypdfium2/
.venv/lib/python3.11/site-packages/pypdfium2/__init__.py
.venv/lib/python3.11/site-packages/pypdfium2/__main__.py
.venv/lib/python3.11/site-packages/pypdfium2/_lazy.py
.venv/lib/python3.11/site-packages/pypdfium2/_library_scope.py
.venv/lib/python3.11/site-packages/pypdfium2/raw.py
.venv/lib/python3.11/site-packages/pypdfium2/version.json
.venv/lib/python3.11/site-packages/pypdfium2/version.py
.venv/lib/python3.11/site-packages/pypdfium2/__pycache__/
.venv/lib/python3.11/site-packages/pypdfium2/_cli/
.venv/lib/python3.11/site-packages/pypdfium2/_cli/__init__.py
.venv/lib/python3.11/site-packages/pypdfium2/_cli/_parsers.py
.venv/lib/python3.11/site-packages/pypdfium2/_cli/arrange.py
.venv/lib/python3.11/site-packages/pypdfium2/_cli/attachments.py
.venv/lib/python3.11/site-packages/pypdfium2/_cli/extract_images.py
.venv/lib/python3.11/site-packages/pypdfium2/_cli/extract_text.py
.venv/lib/python3.11/site-packages/pypdfium2/_cli/imgtopdf.py
.venv/lib/python3.11/site-packages/pypdfium2/_cli/pageobjects.py
.venv/lib/python3.11/site-packages/pypdfium2/_cli/pdfinfo.py
.venv/lib/python3.11/site-packages/pypdfium2/_cli/render.py
.venv/lib/python3.11/site-packages/pypdfium2/_cli/tile.py
.venv/lib/python3.11/site-packages/pypdfium2/_cli/toc.py
.venv/lib/python3.11/site-packages/pypdfium2/_cli/__pycache__/
.venv/lib/python3.11/site-packages/pypdfium2/_helpers/
.venv/lib/python3.11/site-packages/pypdfium2/_helpers/__init__.py
.venv/lib/python3.11/site-packages/pypdfium2/_helpers/attachment.py
.venv/lib/python3.11/site-packages/pypdfium2/_helpers/bitmap.py
.venv/lib/python3.11/site-packages/pypdfium2/_helpers/document.py
.venv/lib/python3.11/site-packages/pypdfium2/_helpers/matrix.py
.venv/lib/python3.11/site-packages/pypdfium2/_helpers/misc.py
.venv/lib/python3.11/site-packages/pypdfium2/_helpers/page.py
.venv/lib/python3.11/site-packages/pypdfium2/_helpers/pageobjects.py
.venv/lib/python3.11/site-packages/pypdfium2/_helpers/textpage.py
.venv/lib/python3.11/site-packages/pypdfium2/_helpers/unsupported.py
.venv/lib/python3.11/site-packages/pypdfium2/_helpers/__pycache__/
.venv/lib/python3.11/site-packages/pypdfium2/internal/
.venv/lib/python3.11/site-packages/pypdfium2/internal/__init__.py
.venv/lib/python3.11/site-packages/pypdfium2/internal/bases.py
.venv/lib/python3.11/site-packages/pypdfium2/internal/consts.py
.venv/lib/python3.11/site-packages/pypdfium2/internal/utils.py
.venv/lib/python3.11/site-packages/pypdfium2/internal/__pycache__/
.venv/lib/python3.11/site-packages/pypdfium2_raw/
.venv/lib/python3.11/site-packages/pypdfium2_raw/__init__.py
.venv/lib/python3.11/site-packages/pypdfium2_raw/bindings.py
.venv/lib/python3.11/site-packages/pypdfium2_raw/libpdfium.dylib
.venv/lib/python3.11/site-packages/pypdfium2_raw/version.json
.venv/lib/python3.11/site-packages/pypdfium2_raw/__pycache__/
.venv/lib/python3.11/site-packages/python_docx-1.2.0.dist-info/
.venv/lib/python3.11/site-packages/python_docx-1.2.0.dist-info/INSTALLER
.venv/lib/python3.11/site-packages/python_docx-1.2.0.dist-info/METADATA
.venv/lib/python3.11/site-packages/python_docx-1.2.0.dist-info/RECORD
.venv/lib/python3.11/site-packages/python_docx-1.2.0.dist-info/REQUESTED
.venv/lib/python3.11/site-packages/python_docx-1.2.0.dist-info/WHEEL
.venv/lib/python3.11/site-packages/python_docx-1.2.0.dist-info/top_level.txt
.venv/lib/python3.11/site-packages/python_docx-1.2.0.dist-info/licenses/
.venv/lib/python3.11/site-packages/python_docx-1.2.0.dist-info/licenses/LICENSE
.venv/lib/python3.11/site-packages/python_dotenv-1.2.1.dist-info/
.venv/lib/python3.11/site-packages/python_dotenv-1.2.1.dist-info/INSTALLER
.venv/lib/python3.11/site-packages/python_dotenv-1.2.1.dist-info/METADATA
.venv/lib/python3.11/site-packages/python_dotenv-1.2.1.dist-info/RECORD
.venv/lib/python3.11/site-packages/python_dotenv-1.2.1.dist-info/REQUESTED
.venv/lib/python3.11/site-packages/python_dotenv-1.2.1.dist-info/WHEEL
.venv/lib/python3.11/site-packages/python_dotenv-1.2.1.dist-info/entry_points.txt
.venv/lib/python3.11/site-packages/python_dotenv-1.2.1.dist-info/top_level.txt
.venv/lib/python3.11/site-packages/python_dotenv-1.2.1.dist-info/licenses/
.venv/lib/python3.11/site-packages/python_dotenv-1.2.1.dist-info/licenses/LICENSE
.venv/lib/python3.11/site-packages/python_jose-3.5.0.dist-info/
.venv/lib/python3.11/site-packages/python_jose-3.5.0.dist-info/INSTALLER
.venv/lib/python3.11/site-packages/python_jose-3.5.0.dist-info/METADATA
.venv/lib/python3.11/site-packages/python_jose-3.5.0.dist-info/RECORD
.venv/lib/python3.11/site-packages/python_jose-3.5.0.dist-info/REQUESTED
.venv/lib/python3.11/site-packages/python_jose-3.5.0.dist-info/WHEEL
.venv/lib/python3.11/site-packages/python_jose-3.5.0.dist-info/top_level.txt
.venv/lib/python3.11/site-packages/python_jose-3.5.0.dist-info/licenses/
.venv/lib/python3.11/site-packages/python_jose-3.5.0.dist-info/licenses/LICENSE
.venv/lib/python3.11/site-packages/python_multipart-0.0.22.dist-info/
.venv/lib/python3.11/site-packages/python_multipart-0.0.22.dist-info/INSTALLER
.venv/lib/python3.11/site-packages/python_multipart-0.0.22.dist-info/METADATA
.venv/lib/python3.11/site-packages/python_multipart-0.0.22.dist-info/RECORD
.venv/lib/python3.11/site-packages/python_multipart-0.0.22.dist-info/REQUESTED
.venv/lib/python3.11/site-packages/python_multipart-0.0.22.dist-info/WHEEL
.venv/lib/python3.11/site-packages/python_multipart-0.0.22.dist-info/licenses/
.venv/lib/python3.11/site-packages/python_multipart-0.0.22.dist-info/licenses/LICENSE.txt
.venv/lib/python3.11/site-packages/python_multipart/
.venv/lib/python3.11/site-packages/python_multipart/__init__.py
.venv/lib/python3.11/site-packages/python_multipart/decoders.py
.venv/lib/python3.11/site-packages/python_multipart/exceptions.py
.venv/lib/python3.11/site-packages/python_multipart/multipart.py
.venv/lib/python3.11/site-packages/python_multipart/py.typed
.venv/lib/python3.11/site-packages/python_multipart/__pycache__/
.venv/lib/python3.11/site-packages/pyyaml-6.0.3.dist-info/
.venv/lib/python3.11/site-packages/pyyaml-6.0.3.dist-info/INSTALLER
.venv/lib/python3.11/site-packages/pyyaml-6.0.3.dist-info/METADATA
.venv/lib/python3.11/site-packages/pyyaml-6.0.3.dist-info/RECORD
.venv/lib/python3.11/site-packages/pyyaml-6.0.3.dist-info/REQUESTED
.venv/lib/python3.11/site-packages/pyyaml-6.0.3.dist-info/WHEEL
.venv/lib/python3.11/site-packages/pyyaml-6.0.3.dist-info/top_level.txt
.venv/lib/python3.11/site-packages/pyyaml-6.0.3.dist-info/licenses/
.venv/lib/python3.11/site-packages/pyyaml-6.0.3.dist-info/licenses/LICENSE
.venv/lib/python3.11/site-packages/reportlab-4.4.10.dist-info/
.venv/lib/python3.11/site-packages/reportlab-4.4.10.dist-info/INSTALLER
.venv/lib/python3.11/site-packages/reportlab-4.4.10.dist-info/METADATA
.venv/lib/python3.11/site-packages/reportlab-4.4.10.dist-info/RECORD
.venv/lib/python3.11/site-packages/reportlab-4.4.10.dist-info/REQUESTED
.venv/lib/python3.11/site-packages/reportlab-4.4.10.dist-info/WHEEL
.venv/lib/python3.11/site-packages/reportlab-4.4.10.dist-info/top_level.txt
.venv/lib/python3.11/site-packages/reportlab-4.4.10.dist-info/licenses/
.venv/lib/python3.11/site-packages/reportlab-4.4.10.dist-info/licenses/LICENSE
.venv/lib/python3.11/site-packages/reportlab/
.venv/lib/python3.11/site-packages/reportlab/__init__.py
.venv/lib/python3.11/site-packages/reportlab/rl_config.py
.venv/lib/python3.11/site-packages/reportlab/rl_settings.py
.venv/lib/python3.11/site-packages/reportlab/__pycache__/
.venv/lib/python3.11/site-packages/reportlab/fonts/
.venv/lib/python3.11/site-packages/reportlab/fonts/00readme.txt
.venv/lib/python3.11/site-packages/reportlab/fonts/DarkGarden-changelog.txt
.venv/lib/python3.11/site-packages/reportlab/fonts/DarkGarden-copying-gpl.txt
.venv/lib/python3.11/site-packages/reportlab/fonts/DarkGarden-copying.txt
.venv/lib/python3.11/site-packages/reportlab/fonts/DarkGarden-readme.txt
.venv/lib/python3.11/site-packages/reportlab/fonts/DarkGarden.sfd
.venv/lib/python3.11/site-packages/reportlab/fonts/DarkGardenMK.afm
.venv/lib/python3.11/site-packages/reportlab/fonts/DarkGardenMK.pfb
.venv/lib/python3.11/site-packages/reportlab/fonts/Vera.ttf
.venv/lib/python3.11/site-packages/reportlab/fonts/VeraBI.ttf
.venv/lib/python3.11/site-packages/reportlab/fonts/VeraBd.ttf
.venv/lib/python3.11/site-packages/reportlab/fonts/VeraIt.ttf
.venv/lib/python3.11/site-packages/reportlab/fonts/_a______.pfb
.venv/lib/python3.11/site-packages/reportlab/fonts/_ab_____.pfb
.venv/lib/python3.11/site-packages/reportlab/fonts/_abi____.pfb
.venv/lib/python3.11/site-packages/reportlab/fonts/_ai_____.pfb
.venv/lib/python3.11/site-packages/reportlab/fonts/_eb_____.pfb
.venv/lib/python3.11/site-packages/reportlab/fonts/_ebi____.pfb
.venv/lib/python3.11/site-packages/reportlab/fonts/_ei_____.pfb
.venv/lib/python3.11/site-packages/reportlab/fonts/_er_____.pfb
.venv/lib/python3.11/site-packages/reportlab/fonts/bitstream-vera-license.txt
.venv/lib/python3.11/site-packages/reportlab/fonts/callig15.afm
.venv/lib/python3.11/site-packages/reportlab/fonts/callig15.pfb
.venv/lib/python3.11/site-packages/reportlab/fonts/cob_____.pfb
.venv/lib/python3.11/site-packages/reportlab/fonts/cobo____.pfb
.venv/lib/python3.11/site-packages/reportlab/fonts/com_____.pfb
.venv/lib/python3.11/site-packages/reportlab/fonts/coo_____.pfb
.venv/lib/python3.11/site-packages/reportlab/fonts/hb-test.ttf
.venv/lib/python3.11/site-packages/reportlab/fonts/sy______.pfb
.venv/lib/python3.11/site-packages/reportlab/fonts/zd______.pfb
.venv/lib/python3.11/site-packages/reportlab/fonts/zx______.pfb
.venv/lib/python3.11/site-packages/reportlab/fonts/zy______.pfb
.venv/lib/python3.11/site-packages/reportlab/graphics/
.venv/lib/python3.11/site-packages/reportlab/graphics/__init__.py
.venv/lib/python3.11/site-packages/reportlab/graphics/renderPDF.py
.venv/lib/python3.11/site-packages/reportlab/graphics/renderPM.py
.venv/lib/python3.11/site-packages/reportlab/graphics/renderPS.py
.venv/lib/python3.11/site-packages/reportlab/graphics/renderSVG.py
.venv/lib/python3.11/site-packages/reportlab/graphics/renderbase.py
.venv/lib/python3.11/site-packages/reportlab/graphics/shapes.py
.venv/lib/python3.11/site-packages/reportlab/graphics/svgpath.py
.venv/lib/python3.11/site-packages/reportlab/graphics/testdrawings.py
.venv/lib/python3.11/site-packages/reportlab/graphics/testshapes.py
.venv/lib/python3.11/site-packages/reportlab/graphics/transform.py
.venv/lib/python3.11/site-packages/reportlab/graphics/utils.py
.venv/lib/python3.11/site-packages/reportlab/graphics/widgetbase.py
.venv/lib/python3.11/site-packages/reportlab/graphics/__pycache__/
.venv/lib/python3.11/site-packages/reportlab/graphics/barcode/
.venv/lib/python3.11/site-packages/reportlab/graphics/barcode/__init__.py
.venv/lib/python3.11/site-packages/reportlab/graphics/barcode/code128.py
.venv/lib/python3.11/site-packages/reportlab/graphics/barcode/code39.py
.venv/lib/python3.11/site-packages/reportlab/graphics/barcode/code93.py
.venv/lib/python3.11/site-packages/reportlab/graphics/barcode/common.py
.venv/lib/python3.11/site-packages/reportlab/graphics/barcode/dmtx.py
.venv/lib/python3.11/site-packages/reportlab/graphics/barcode/eanbc.py
.venv/lib/python3.11/site-packages/reportlab/graphics/barcode/ecc200datamatrix.py
.venv/lib/python3.11/site-packages/reportlab/graphics/barcode/fourstate.py
.venv/lib/python3.11/site-packages/reportlab/graphics/barcode/lto.py
.venv/lib/python3.11/site-packages/reportlab/graphics/barcode/qr.py
.venv/lib/python3.11/site-packages/reportlab/graphics/barcode/qrencoder.py
.venv/lib/python3.11/site-packages/reportlab/graphics/barcode/test.py
.venv/lib/python3.11/site-packages/reportlab/graphics/barcode/usps.py
.venv/lib/python3.11/site-packages/reportlab/graphics/barcode/usps4s.py
.venv/lib/python3.11/site-packages/reportlab/graphics/barcode/widgets.py
.venv/lib/python3.11/site-packages/reportlab/graphics/barcode/__pycache__/
.venv/lib/python3.11/site-packages/reportlab/graphics/charts/
.venv/lib/python3.11/site-packages/reportlab/graphics/charts/__init__.py
.venv/lib/python3.11/site-packages/reportlab/graphics/charts/areas.py
.venv/lib/python3.11/site-packages/reportlab/graphics/charts/axes.py
.venv/lib/python3.11/site-packages/reportlab/graphics/charts/barcharts.py
.venv/lib/python3.11/site-packages/reportlab/graphics/charts/dotbox.py
.venv/lib/python3.11/site-packages/reportlab/graphics/charts/doughnut.py
.venv/lib/python3.11/site-packages/reportlab/graphics/charts/legends.py
.venv/lib/python3.11/site-packages/reportlab/graphics/charts/linecharts.py
.venv/lib/python3.11/site-packages/reportlab/graphics/charts/lineplots.py
.venv/lib/python3.11/site-packages/reportlab/graphics/charts/markers.py
.venv/lib/python3.11/site-packages/reportlab/graphics/charts/piecharts.py
.venv/lib/python3.11/site-packages/reportlab/graphics/charts/slidebox.py
.venv/lib/python3.11/site-packages/reportlab/graphics/charts/spider.py
.venv/lib/python3.11/site-packages/reportlab/graphics/charts/textlabels.py
.venv/lib/python3.11/site-packages/reportlab/graphics/charts/utils.py
.venv/lib/python3.11/site-packages/reportlab/graphics/charts/utils3d.py
.venv/lib/python3.11/site-packages/reportlab/graphics/charts/__pycache__/
.venv/lib/python3.11/site-packages/reportlab/graphics/samples/
.venv/lib/python3.11/site-packages/reportlab/graphics/samples/__init__.py
.venv/lib/python3.11/site-packages/reportlab/graphics/samples/bubble.py
.venv/lib/python3.11/site-packages/reportlab/graphics/samples/clustered_bar.py
.venv/lib/python3.11/site-packages/reportlab/graphics/samples/clustered_column.py
.venv/lib/python3.11/site-packages/reportlab/graphics/samples/excelcolors.py
.venv/lib/python3.11/site-packages/reportlab/graphics/samples/exploded_pie.py
.venv/lib/python3.11/site-packages/reportlab/graphics/samples/filled_radar.py
.venv/lib/python3.11/site-packages/reportlab/graphics/samples/line_chart.py
.venv/lib/python3.11/site-packages/reportlab/graphics/samples/linechart_with_markers.py
.venv/lib/python3.11/site-packages/reportlab/graphics/samples/radar.py
.venv/lib/python3.11/site-packages/reportlab/graphics/samples/runall.py
.venv/lib/python3.11/site-packages/reportlab/graphics/samples/scatter.py
.venv/lib/python3.11/site-packages/reportlab/graphics/samples/scatter_lines.py
.venv/lib/python3.11/site-packages/reportlab/graphics/samples/scatter_lines_markers.py
.venv/lib/python3.11/site-packages/reportlab/graphics/samples/simple_pie.py
.venv/lib/python3.11/site-packages/reportlab/graphics/samples/stacked_bar.py
.venv/lib/python3.11/site-packages/reportlab/graphics/samples/stacked_column.py
.venv/lib/python3.11/site-packages/reportlab/graphics/samples/__pycache__/
.venv/lib/python3.11/site-packages/reportlab/graphics/widgets/
.venv/lib/python3.11/site-packages/reportlab/graphics/widgets/__init__.py
.venv/lib/python3.11/site-packages/reportlab/graphics/widgets/adjustableArrow.py
.venv/lib/python3.11/site-packages/reportlab/graphics/widgets/eventcal.py
.venv/lib/python3.11/site-packages/reportlab/graphics/widgets/flags.py
.venv/lib/python3.11/site-packages/reportlab/graphics/widgets/grids.py
.venv/lib/python3.11/site-packages/reportlab/graphics/widgets/markers.py
.venv/lib/python3.11/site-packages/reportlab/graphics/widgets/signsandsymbols.py
.venv/lib/python3.11/site-packages/reportlab/graphics/widgets/table.py
.venv/lib/python3.11/site-packages/reportlab/graphics/widgets/__pycache__/
.venv/lib/python3.11/site-packages/reportlab/lib/
.venv/lib/python3.11/site-packages/reportlab/lib/PyFontify.py
.venv/lib/python3.11/site-packages/reportlab/lib/__init__.py
.venv/lib/python3.11/site-packages/reportlab/lib/abag.py
.venv/lib/python3.11/site-packages/reportlab/lib/arciv.py
.venv/lib/python3.11/site-packages/reportlab/lib/attrmap.py
.venv/lib/python3.11/site-packages/reportlab/lib/boxstuff.py
.venv/lib/python3.11/site-packages/reportlab/lib/codecharts.py
.venv/lib/python3.11/site-packages/reportlab/lib/colors.py
.venv/lib/python3.11/site-packages/reportlab/lib/corp.py
.venv/lib/python3.11/site-packages/reportlab/lib/enums.py
.venv/lib/python3.11/site-packages/reportlab/lib/extformat.py
.venv/lib/python3.11/site-packages/reportlab/lib/fontfinder.py
.venv/lib/python3.11/site-packages/reportlab/lib/fonts.py
.venv/lib/python3.11/site-packages/reportlab/lib/formatters.py
.venv/lib/python3.11/site-packages/reportlab/lib/geomutils.py
.venv/lib/python3.11/site-packages/reportlab/lib/logger.py
.venv/lib/python3.11/site-packages/reportlab/lib/normalDate.py
.venv/lib/python3.11/site-packages/reportlab/lib/pagesizes.py
.venv/lib/python3.11/site-packages/reportlab/lib/pdfencrypt.py
.venv/lib/python3.11/site-packages/reportlab/lib/pygments2xpre.py
.venv/lib/python3.11/site-packages/reportlab/lib/randomtext.py
.venv/lib/python3.11/site-packages/reportlab/lib/rl_accel.py
.venv/lib/python3.11/site-packages/reportlab/lib/rl_safe_eval.py
.venv/lib/python3.11/site-packages/reportlab/lib/rltempfile.py
.venv/lib/python3.11/site-packages/reportlab/lib/rparsexml.py
.venv/lib/python3.11/site-packages/reportlab/lib/sequencer.py
.venv/lib/python3.11/site-packages/reportlab/lib/styles.py
.venv/lib/python3.11/site-packages/reportlab/lib/testutils.py
.venv/lib/python3.11/site-packages/reportlab/lib/textsplit.py
.venv/lib/python3.11/site-packages/reportlab/lib/units.py
.venv/lib/python3.11/site-packages/reportlab/lib/utils.py
.venv/lib/python3.11/site-packages/reportlab/lib/validators.py
.venv/lib/python3.11/site-packages/reportlab/lib/yaml.py
.venv/lib/python3.11/site-packages/reportlab/lib/__pycache__/
.venv/lib/python3.11/site-packages/reportlab/pdfbase/
.venv/lib/python3.11/site-packages/reportlab/pdfbase/__init__.py
.venv/lib/python3.11/site-packages/reportlab/pdfbase/_can_cmap_data.py
.venv/lib/python3.11/site-packages/reportlab/pdfbase/_cidfontdata.py
.venv/lib/python3.11/site-packages/reportlab/pdfbase/_fontdata.py
.venv/lib/python3.11/site-packages/reportlab/pdfbase/_fontdata_enc_macexpert.py
.venv/lib/python3.11/site-packages/reportlab/pdfbase/_fontdata_enc_macroman.py
.venv/lib/python3.11/site-packages/reportlab/pdfbase/_fontdata_enc_pdfdoc.py
.venv/lib/python3.11/site-packages/reportlab/pdfbase/_fontdata_enc_standard.py
.venv/lib/python3.11/site-packages/reportlab/pdfbase/_fontdata_enc_symbol.py
.venv/lib/python3.11/site-packages/reportlab/pdfbase/_fontdata_enc_winansi.py
.venv/lib/python3.11/site-packages/reportlab/pdfbase/_fontdata_enc_zapfdingbats.py
.venv/lib/python3.11/site-packages/reportlab/pdfbase/_fontdata_widths_courier.py
.venv/lib/python3.11/site-packages/reportlab/pdfbase/_fontdata_widths_courierbold.py
.venv/lib/python3.11/site-packages/reportlab/pdfbase/_fontdata_widths_courierboldoblique.py
.venv/lib/python3.11/site-packages/reportlab/pdfbase/_fontdata_widths_courieroblique.py
.venv/lib/python3.11/site-packages/reportlab/pdfbase/_fontdata_widths_helvetica.py
.venv/lib/python3.11/site-packages/reportlab/pdfbase/_fontdata_widths_helveticabold.py
.venv/lib/python3.11/site-packages/reportlab/pdfbase/_fontdata_widths_helveticaboldoblique.py
.venv/lib/python3.11/site-packages/reportlab/pdfbase/_fontdata_widths_helveticaoblique.py
.venv/lib/python3.11/site-packages/reportlab/pdfbase/_fontdata_widths_symbol.py
.venv/lib/python3.11/site-packages/reportlab/pdfbase/_fontdata_widths_timesbold.py
.venv/lib/python3.11/site-packages/reportlab/pdfbase/_fontdata_widths_timesbolditalic.py
.venv/lib/python3.11/site-packages/reportlab/pdfbase/_fontdata_widths_timesitalic.py
.venv/lib/python3.11/site-packages/reportlab/pdfbase/_fontdata_widths_timesroman.py
.venv/lib/python3.11/site-packages/reportlab/pdfbase/_fontdata_widths_zapfdingbats.py
.venv/lib/python3.11/site-packages/reportlab/pdfbase/_glyphlist.py
.venv/lib/python3.11/site-packages/reportlab/pdfbase/acroform.py
.venv/lib/python3.11/site-packages/reportlab/pdfbase/cidfonts.py
.venv/lib/python3.11/site-packages/reportlab/pdfbase/pdfdoc.py
.venv/lib/python3.11/site-packages/reportlab/pdfbase/pdfform.py
.venv/lib/python3.11/site-packages/reportlab/pdfbase/pdfmetrics.py
.venv/lib/python3.11/site-packages/reportlab/pdfbase/pdfpattern.py
.venv/lib/python3.11/site-packages/reportlab/pdfbase/pdfutils.py
.venv/lib/python3.11/site-packages/reportlab/pdfbase/rl_codecs.py
.venv/lib/python3.11/site-packages/reportlab/pdfbase/ttfonts.py
.venv/lib/python3.11/site-packages/reportlab/pdfbase/__pycache__/
.venv/lib/python3.11/site-packages/reportlab/pdfgen/
.venv/lib/python3.11/site-packages/reportlab/pdfgen/__init__.py
.venv/lib/python3.11/site-packages/reportlab/pdfgen/canvas.py
.venv/lib/python3.11/site-packages/reportlab/pdfgen/pathobject.py
.venv/lib/python3.11/site-packages/reportlab/pdfgen/pdfgeom.py
.venv/lib/python3.11/site-packages/reportlab/pdfgen/pdfimages.py
.venv/lib/python3.11/site-packages/reportlab/pdfgen/textobject.py
.venv/lib/python3.11/site-packages/reportlab/pdfgen/__pycache__/
.venv/lib/python3.11/site-packages/reportlab/platypus/
.venv/lib/python3.11/site-packages/reportlab/platypus/__init__.py
.venv/lib/python3.11/site-packages/reportlab/platypus/doctemplate.py
.venv/lib/python3.11/site-packages/reportlab/platypus/figures.py
.venv/lib/python3.11/site-packages/reportlab/platypus/flowables.py
.venv/lib/python3.11/site-packages/reportlab/platypus/frames.py
.venv/lib/python3.11/site-packages/reportlab/platypus/multicol.py
.venv/lib/python3.11/site-packages/reportlab/platypus/para.py
.venv/lib/python3.11/site-packages/reportlab/platypus/paragraph.py
.venv/lib/python3.11/site-packages/reportlab/platypus/paraparser.py
.venv/lib/python3.11/site-packages/reportlab/platypus/tableofcontents.py
.venv/lib/python3.11/site-packages/reportlab/platypus/tables.py
.venv/lib/python3.11/site-packages/reportlab/platypus/xpreformatted.py
.venv/lib/python3.11/site-packages/reportlab/platypus/__pycache__/
.venv/lib/python3.11/site-packages/requests-2.32.5.dist-info/
.venv/lib/python3.11/site-packages/requests-2.32.5.dist-info/INSTALLER
.venv/lib/python3.11/site-packages/requests-2.32.5.dist-info/METADATA
.venv/lib/python3.11/site-packages/requests-2.32.5.dist-info/RECORD
.venv/lib/python3.11/site-packages/requests-2.32.5.dist-info/REQUESTED
.venv/lib/python3.11/site-packages/requests-2.32.5.dist-info/WHEEL
.venv/lib/python3.11/site-packages/requests-2.32.5.dist-info/top_level.txt
.venv/lib/python3.11/site-packages/requests-2.32.5.dist-info/licenses/
.venv/lib/python3.11/site-packages/requests-2.32.5.dist-info/licenses/LICENSE
.venv/lib/python3.11/site-packages/requests/
.venv/lib/python3.11/site-packages/requests/__init__.py
.venv/lib/python3.11/site-packages/requests/__version__.py
.venv/lib/python3.11/site-packages/requests/_internal_utils.py
.venv/lib/python3.11/site-packages/requests/adapters.py
.venv/lib/python3.11/site-packages/requests/api.py
.venv/lib/python3.11/site-packages/requests/auth.py
.venv/lib/python3.11/site-packages/requests/certs.py
.venv/lib/python3.11/site-packages/requests/compat.py
.venv/lib/python3.11/site-packages/requests/cookies.py
.venv/lib/python3.11/site-packages/requests/exceptions.py
.venv/lib/python3.11/site-packages/requests/help.py
.venv/lib/python3.11/site-packages/requests/hooks.py
.venv/lib/python3.11/site-packages/requests/models.py
.venv/lib/python3.11/site-packages/requests/packages.py
.venv/lib/python3.11/site-packages/requests/sessions.py
.venv/lib/python3.11/site-packages/requests/status_codes.py
.venv/lib/python3.11/site-packages/requests/structures.py
.venv/lib/python3.11/site-packages/requests/utils.py
.venv/lib/python3.11/site-packages/requests/__pycache__/
.venv/lib/python3.11/site-packages/rsa-4.9.1.dist-info/
.venv/lib/python3.11/site-packages/rsa-4.9.1.dist-info/INSTALLER
.venv/lib/python3.11/site-packages/rsa-4.9.1.dist-info/LICENSE
.venv/lib/python3.11/site-packages/rsa-4.9.1.dist-info/METADATA
.venv/lib/python3.11/site-packages/rsa-4.9.1.dist-info/RECORD
.venv/lib/python3.11/site-packages/rsa-4.9.1.dist-info/WHEEL
.venv/lib/python3.11/site-packages/rsa-4.9.1.dist-info/entry_points.txt
.venv/lib/python3.11/site-packages/rsa/
.venv/lib/python3.11/site-packages/rsa/__init__.py
.venv/lib/python3.11/site-packages/rsa/asn1.py
.venv/lib/python3.11/site-packages/rsa/cli.py
.venv/lib/python3.11/site-packages/rsa/common.py
.venv/lib/python3.11/site-packages/rsa/core.py
.venv/lib/python3.11/site-packages/rsa/key.py
.venv/lib/python3.11/site-packages/rsa/parallel.py
.venv/lib/python3.11/site-packages/rsa/pem.py
.venv/lib/python3.11/site-packages/rsa/pkcs1.py
.venv/lib/python3.11/site-packages/rsa/pkcs1_v2.py
.venv/lib/python3.11/site-packages/rsa/prime.py
.venv/lib/python3.11/site-packages/rsa/py.typed
.venv/lib/python3.11/site-packages/rsa/randnum.py
.venv/lib/python3.11/site-packages/rsa/transform.py
.venv/lib/python3.11/site-packages/rsa/util.py
.venv/lib/python3.11/site-packages/rsa/__pycache__/
.venv/lib/python3.11/site-packages/setuptools-65.5.0.dist-info/
.venv/lib/python3.11/site-packages/setuptools-65.5.0.dist-info/INSTALLER
.venv/lib/python3.11/site-packages/setuptools-65.5.0.dist-info/LICENSE
.venv/lib/python3.11/site-packages/setuptools-65.5.0.dist-info/METADATA
.venv/lib/python3.11/site-packages/setuptools-65.5.0.dist-info/RECORD
.venv/lib/python3.11/site-packages/setuptools-65.5.0.dist-info/REQUESTED
.venv/lib/python3.11/site-packages/setuptools-65.5.0.dist-info/WHEEL
.venv/lib/python3.11/site-packages/setuptools-65.5.0.dist-info/entry_points.txt
.venv/lib/python3.11/site-packages/setuptools-65.5.0.dist-info/top_level.txt
.venv/lib/python3.11/site-packages/setuptools/
.venv/lib/python3.11/site-packages/setuptools/__init__.py
.venv/lib/python3.11/site-packages/setuptools/_deprecation_warning.py
.venv/lib/python3.11/site-packages/setuptools/_entry_points.py
.venv/lib/python3.11/site-packages/setuptools/_imp.py
.venv/lib/python3.11/site-packages/setuptools/_importlib.py
.venv/lib/python3.11/site-packages/setuptools/_itertools.py
.venv/lib/python3.11/site-packages/setuptools/_path.py
.venv/lib/python3.11/site-packages/setuptools/_reqs.py
.venv/lib/python3.11/site-packages/setuptools/archive_util.py
.venv/lib/python3.11/site-packages/setuptools/build_meta.py
.venv/lib/python3.11/site-packages/setuptools/cli-32.exe
.venv/lib/python3.11/site-packages/setuptools/cli-64.exe
.venv/lib/python3.11/site-packages/setuptools/cli-arm64.exe
.venv/lib/python3.11/site-packages/setuptools/cli.exe
.venv/lib/python3.11/site-packages/setuptools/dep_util.py
.venv/lib/python3.11/site-packages/setuptools/depends.py
.venv/lib/python3.11/site-packages/setuptools/discovery.py
.venv/lib/python3.11/site-packages/setuptools/dist.py
.venv/lib/python3.11/site-packages/setuptools/errors.py
.venv/lib/python3.11/site-packages/setuptools/extension.py
.venv/lib/python3.11/site-packages/setuptools/glob.py
.venv/lib/python3.11/site-packages/setuptools/gui-32.exe
.venv/lib/python3.11/site-packages/setuptools/gui-64.exe
.venv/lib/python3.11/site-packages/setuptools/gui-arm64.exe
.venv/lib/python3.11/site-packages/setuptools/gui.exe
.venv/lib/python3.11/site-packages/setuptools/installer.py
.venv/lib/python3.11/site-packages/setuptools/launch.py
.venv/lib/python3.11/site-packages/setuptools/logging.py
.venv/lib/python3.11/site-packages/setuptools/monkey.py
.venv/lib/python3.11/site-packages/setuptools/msvc.py
.venv/lib/python3.11/site-packages/setuptools/namespaces.py
.venv/lib/python3.11/site-packages/setuptools/package_index.py
.venv/lib/python3.11/site-packages/setuptools/py34compat.py
.venv/lib/python3.11/site-packages/setuptools/sandbox.py
.venv/lib/python3.11/site-packages/setuptools/script (dev).tmpl
.venv/lib/python3.11/site-packages/setuptools/script.tmpl
.venv/lib/python3.11/site-packages/setuptools/unicode_utils.py
.venv/lib/python3.11/site-packages/setuptools/version.py
.venv/lib/python3.11/site-packages/setuptools/wheel.py
.venv/lib/python3.11/site-packages/setuptools/windows_support.py
.venv/lib/python3.11/site-packages/setuptools/__pycache__/
.venv/lib/python3.11/site-packages/setuptools/_distutils/
.venv/lib/python3.11/site-packages/setuptools/_distutils/__init__.py
.venv/lib/python3.11/site-packages/setuptools/_distutils/_collections.py
.venv/lib/python3.11/site-packages/setuptools/_distutils/_functools.py
.venv/lib/python3.11/site-packages/setuptools/_distutils/_macos_compat.py
.venv/lib/python3.11/site-packages/setuptools/_distutils/_msvccompiler.py
.venv/lib/python3.11/site-packages/setuptools/_distutils/archive_util.py
.venv/lib/python3.11/site-packages/setuptools/_distutils/bcppcompiler.py
.venv/lib/python3.11/site-packages/setuptools/_distutils/ccompiler.py
.venv/lib/python3.11/site-packages/setuptools/_distutils/cmd.py
.venv/lib/python3.11/site-packages/setuptools/_distutils/config.py
.venv/lib/python3.11/site-packages/setuptools/_distutils/core.py
.venv/lib/python3.11/site-packages/setuptools/_distutils/cygwinccompiler.py
.venv/lib/python3.11/site-packages/setuptools/_distutils/debug.py
.venv/lib/python3.11/site-packages/setuptools/_distutils/dep_util.py
.venv/lib/python3.11/site-packages/setuptools/_distutils/dir_util.py
.venv/lib/python3.11/site-packages/setuptools/_distutils/dist.py
.venv/lib/python3.11/site-packages/setuptools/_distutils/errors.py
.venv/lib/python3.11/site-packages/setuptools/_distutils/extension.py
.venv/lib/python3.11/site-packages/setuptools/_distutils/fancy_getopt.py
.venv/lib/python3.11/site-packages/setuptools/_distutils/file_util.py
.venv/lib/python3.11/site-packages/setuptools/_distutils/filelist.py
.venv/lib/python3.11/site-packages/setuptools/_distutils/log.py
.venv/lib/python3.11/site-packages/setuptools/_distutils/msvc9compiler.py
.venv/lib/python3.11/site-packages/setuptools/_distutils/msvccompiler.py
.venv/lib/python3.11/site-packages/setuptools/_distutils/py38compat.py
.venv/lib/python3.11/site-packages/setuptools/_distutils/py39compat.py
.venv/lib/python3.11/site-packages/setuptools/_distutils/spawn.py
.venv/lib/python3.11/site-packages/setuptools/_distutils/sysconfig.py
.venv/lib/python3.11/site-packages/setuptools/_distutils/text_file.py
.venv/lib/python3.11/site-packages/setuptools/_distutils/unixccompiler.py
.venv/lib/python3.11/site-packages/setuptools/_distutils/util.py
.venv/lib/python3.11/site-packages/setuptools/_distutils/version.py
.venv/lib/python3.11/site-packages/setuptools/_distutils/versionpredicate.py
.venv/lib/python3.11/site-packages/setuptools/_distutils/__pycache__/
.venv/lib/python3.11/site-packages/setuptools/_distutils/command/
.venv/lib/python3.11/site-packages/setuptools/_distutils/command/__init__.py
.venv/lib/python3.11/site-packages/setuptools/_distutils/command/_framework_compat.py
.venv/lib/python3.11/site-packages/setuptools/_distutils/command/bdist.py
.venv/lib/python3.11/site-packages/setuptools/_distutils/command/bdist_dumb.py
.venv/lib/python3.11/site-packages/setuptools/_distutils/command/bdist_rpm.py
.venv/lib/python3.11/site-packages/setuptools/_distutils/command/build.py
.venv/lib/python3.11/site-packages/setuptools/_distutils/command/build_clib.py
.venv/lib/python3.11/site-packages/setuptools/_distutils/command/build_ext.py
.venv/lib/python3.11/site-packages/setuptools/_distutils/command/build_py.py
.venv/lib/python3.11/site-packages/setuptools/_distutils/command/build_scripts.py
.venv/lib/python3.11/site-packages/setuptools/_distutils/command/check.py
.venv/lib/python3.11/site-packages/setuptools/_distutils/command/clean.py
.venv/lib/python3.11/site-packages/setuptools/_distutils/command/config.py
.venv/lib/python3.11/site-packages/setuptools/_distutils/command/install.py
.venv/lib/python3.11/site-packages/setuptools/_distutils/command/install_data.py
.venv/lib/python3.11/site-packages/setuptools/_distutils/command/install_egg_info.py
.venv/lib/python3.11/site-packages/setuptools/_distutils/command/install_headers.py
.venv/lib/python3.11/site-packages/setuptools/_distutils/command/install_lib.py
.venv/lib/python3.11/site-packages/setuptools/_distutils/command/install_scripts.py
.venv/lib/python3.11/site-packages/setuptools/_distutils/command/py37compat.py
.venv/lib/python3.11/site-packages/setuptools/_distutils/command/register.py
.venv/lib/python3.11/site-packages/setuptools/_distutils/command/sdist.py
.venv/lib/python3.11/site-packages/setuptools/_distutils/command/upload.py
.venv/lib/python3.11/site-packages/setuptools/_distutils/command/__pycache__/
.venv/lib/python3.11/site-packages/setuptools/_vendor/
.venv/lib/python3.11/site-packages/setuptools/_vendor/__init__.py
.venv/lib/python3.11/site-packages/setuptools/_vendor/ordered_set.py
.venv/lib/python3.11/site-packages/setuptools/_vendor/typing_extensions.py
.venv/lib/python3.11/site-packages/setuptools/_vendor/zipp.py
.venv/lib/python3.11/site-packages/setuptools/_vendor/__pycache__/
.venv/lib/python3.11/site-packages/setuptools/_vendor/importlib_metadata/
.venv/lib/python3.11/site-packages/setuptools/_vendor/importlib_metadata/__init__.py
.venv/lib/python3.11/site-packages/setuptools/_vendor/importlib_metadata/_adapters.py
.venv/lib/python3.11/site-packages/setuptools/_vendor/importlib_metadata/_collections.py
.venv/lib/python3.11/site-packages/setuptools/_vendor/importlib_metadata/_compat.py
.venv/lib/python3.11/site-packages/setuptools/_vendor/importlib_metadata/_functools.py
.venv/lib/python3.11/site-packages/setuptools/_vendor/importlib_metadata/_itertools.py
.venv/lib/python3.11/site-packages/setuptools/_vendor/importlib_metadata/_meta.py
.venv/lib/python3.11/site-packages/setuptools/_vendor/importlib_metadata/_text.py
.venv/lib/python3.11/site-packages/setuptools/_vendor/importlib_metadata/__pycache__/
.venv/lib/python3.11/site-packages/setuptools/_vendor/importlib_resources/
.venv/lib/python3.11/site-packages/setuptools/_vendor/importlib_resources/__init__.py
.venv/lib/python3.11/site-packages/setuptools/_vendor/importlib_resources/_adapters.py
.venv/lib/python3.11/site-packages/setuptools/_vendor/importlib_resources/_common.py
.venv/lib/python3.11/site-packages/setuptools/_vendor/importlib_resources/_compat.py
.venv/lib/python3.11/site-packages/setuptools/_vendor/importlib_resources/_itertools.py
.venv/lib/pythonRead from remote host 193.122.10.166: Operation timed out
client_loop: send disconnect: Broken pipe
s/setuptools/_vendor/importlib_resources/abc.py
.venv/lib/python3.11/site-packages/setuptools/_vendor/importlib_resources/readers.py
.venv/lib/python3.11/site-packages/setuptools/_vendor/importlib_resources/simple.py
.venv/lib/python3.11/site-packages/setuptools/_vendor/importlib_resources/__pycache__/
.venv/lib/python3.11/site-packages/setuptools/_vendor/jaraco/
.venv/lib/python3.11/site-packages/setuptools/_vendor/jaraco/__init__.py
.venv/lib/python3.11/site-packages/setuptools/_vendor/jaraco/context.py
.venv/lib/python3.11/site-packages/setuptools/_vendor/jaraco/functools.py
.venv/lib/python3.11/site-packages/setuptools/_vendor/jaraco/__pycache__/
.venv/lib/python3.11/site-packages/setuptools/_vendor/jaraco/text/
.venv/lib/python3.11/site-packages/setuptools/_vendor/jaraco/text/__init__.py
.venv/lib/python3.11/site-packages/setuptools/_vendor/jaraco/text/__pycache__/
.venv/lib/python3.11/site-packages/setuptools/_vendor/more_itertools/
.venv/lib/python3.11/site-packages/setuptools/_vendor/more_itertools/__init__.py
.venv/lib/python3.11/site-packages/setuptools/_vendor/more_itertools/more.py
.venv/lib/python3.11/site-packages/setuptools/_vendor/more_itertools/recipes.py
.venv/lib/python3.11/site-packages/setuptools/_vendor/more_itertools/__pycache__/
.venv/lib/python3.11/site-packages/setuptools/_vendor/packaging/
.venv/lib/python3.11/site-packages/setuptools/_vendor/packaging/__about__.py
.venv/lib/python3.11/site-packages/setuptools/_vendor/packaging/__init__.py
.venv/lib/python3.11/site-packages/setuptools/_vendor/packaging/_manylinux.py
.venv/lib/python3.11/site-packages/setuptools/_vendor/packaging/_musllinux.py
.venv/lib/python3.11/site-packages/setuptools/_vendor/packaging/_structures.py
.venv/lib/python3.11/site-packages/setuptools/_vendor/packaging/markers.py
.venv/lib/python3.11/site-packages/setuptools/_vendor/packaging/requirements.py
.venv/lib/python3.11/site-packages/setuptools/_vendor/packaging/specifiers.py
.venv/lib/python3.11/site-packages/setuptools/_vendor/packaging/tags.py
.venv/lib/python3.11/site-packages/setuptools/_vendor/packaging/utils.py
.venv/lib/python3.11/site-packages/setuptools/_vendor/packaging/version.py
.venv/lib/python3.11/site-packages/setuptools/_vendor/packaging/__pycache__/
.venv/lib/python3.11/site-packages/setuptools/_vendor/pyparsing/
.venv/lib/python3.11/site-packages/setuptools/_vendor/pyparsing/__init__.py
.venv/lib/python3.11/site-packages/setuptools/_vendor/pyparsing/actions.py
.venv/lib/python3.11/site-packages/setuptools/_vendor/pyparsing/common.py
.venv/lib/python3.11/site-packages/setuptools/_vendor/pyparsing/core.py
.venv/lib/python3.11/site-packages/setuptools/_vendor/pyparsing/exceptions.py
.venv/lib/python3.11/site-packages/setuptools/_vendor/pyparsing/helpers.py
.venv/lib/python3.11/site-packages/setuptools/_vendor/pyparsing/results.py
.venv/lib/python3.11/site-packages/setuptools/_vendor/pyparsing/testing.py
.venv/lib/python3.11/site-packages/setuptools/_vendor/pyparsing/unicode.py
.venv/lib/python3.11/site-packages/setuptools/_vendor/pyparsing/util.py
.venv/lib/python3.11/site-packages/setuptools/_vendor/pyparsing/__pycache__/
.venv/lib/python3.11/site-packages/setuptools/_vendor/pyparsing/diagram/
.venv/lib/python3.11/site-packages/setuptools/_vendor/pyparsing/diagram/__init__.py
.venv/lib/python3.11/site-packages/setuptools/_vendor/pyparsing/diagram/__pycache__/
.venv/lib/python3.11/site-packages/setuptools/_vendor/tomli/
.venv/lib/python3.11/site-packages/setuptools/_vendor/tomli/__init__.py
.venv/lib/python3.11/site-packages/setuptools/_vendor/tomli/_parser.py
.venv/lib/python3.11/site-packages/setuptools/_vendor/tomli/_re.py
.venv/lib/python3.11/site-packages/setuptools/_vendor/tomli/_types.py
.venv/lib/python3.11/site-packages/setuptools/_vendor/tomli/__pycache__/
.venv/lib/python3.11/site-packages/setuptools/command/
.venv/lib/python3.11/site-packages/setuptools/command/__init__.py
.venv/lib/python3.11/site-packages/setuptools/command/alias.py
.venv/lib/python3.11/site-packages/setuptools/command/bdist_egg.py
.venv/lib/python3.11/site-packages/setuptools/command/bdist_rpm.py
.venv/lib/python3.11/site-packages/setuptools/command/build.py
.venv/lib/python3.11/site-packages/setuptools/command/build_clib.py
.venv/lib/python3.11/site-packages/setuptools/command/build_ext.py
.venv/lib/python3.11/site-packages/setuptools/command/build_py.py
.venv/lib/python3.11/site-packages/setuptools/command/develop.py
.venv/lib/python3.11/site-packages/setuptools/command/dist_info.py
.venv/lib/python3.11/site-packages/setuptools/command/easy_install.py
.venv/lib/python3.11/site-packages/setuptools/command/editable_wheel.py
.venv/lib/python3.11/site-packages/setuptools/command/egg_info.py
.venv/lib/python3.11/site-packages/setuptools/command/install.py
.venv/lib/python3.11/site-packages/setuptools/command/install_egg_info.py
.venv/lib/python3.11/site-packages/setuptools/command/install_lib.py
.venv/lib/python3.11/site-packages/setuptools/command/install_scripts.py
.venv/lib/python3.11/site-packages/setuptools/command/launcher manifest.xml
.venv/lib/python3.11/site-packages/setuptools/command/py36compat.py
.venv/lib/python3.11/site-packages/setuptools/command/register.py
.venv/lib/python3.11/site-packages/setuptools/command/rotate.py
.venv/lib/python3.11/site-packages/setuptools/command/saveopts.py
.venv/lib/python3.11/site-packages/setuptools/command/sdist.py
.venv/lib/python3.11/site-packages/setuptools/command/setopt.py
.venv/lib/python3.11/site-packages/setuptools/command/test.py
.venv/lib/python3.11/site-packages/setuptools/command/upload.py
.venv/lib/python3.11/site-packages/setuptools/command/upload_docs.py
.venv/lib/python3.11/site-packages/setuptools/command/__pycache__/
.venv/lib/python3.11/site-packages/setuptools/config/
.venv/lib/python3.11/site-packages/setuptools/config/__init__.py
.venv/lib/python3.11/site-packages/setuptools/config/_apply_pyprojecttoml.py
.venv/lib/python3.11/site-packages/setuptools/config/expand.py
.venv/lib/python3.11/site-packages/setuptools/config/pyprojecttoml.py
.venv/lib/python3.11/site-packages/setuptools/config/setupcfg.py
.venv/lib/python3.11/site-packages/setuptools/config/__pycache__/
.venv/lib/python3.11/site-packages/setuptools/config/_validate_pyproject/
.venv/lib/python3.11/site-packages/setuptools/config/_validate_pyproject/__init__.py
.venv/lib/python3.11/site-packages/setuptools/config/_validate_pyproject/error_reporting.py
.venv/lib/python3.11/site-packages/setuptools/config/_validate_pyproject/extra_validations.py
.venv/lib/python3.11/site-packages/setuptools/config/_validate_pyproject/fastjsonschema_exceptions.py
.venv/lib/python3.11/site-packages/setuptools/config/_validate_pyproject/fastjsonschema_validations.py
.venv/lib/python3.11/site-packages/setuptools/config/_validate_pyproject/formats.py
.venv/lib/python3.11/site-packages/setuptools/config/_validate_pyproject/__pycache__/
.venv/lib/python3.11/site-packages/setuptools/extern/
.venv/lib/python3.11/site-packages/setuptools/extern/__init__.py
.venv/lib/python3.11/site-packages/setuptools/extern/__pycache__/
.venv/lib/python3.11/site-packages/six-1.17.0.dist-info/
.venv/lib/python3.11/site-packages/six-1.17.0.dist-info/INSTALLER
.venv/lib/python3.11/site-packages/six-1.17.0.dist-info/LICENSE
.venv/lib/python3.11/site-packages/six-1.17.0.dist-info/METADATA
.venv/lib/python3.11/site-packages/six-1.17.0.dist-info/RECORD
.venv/lib/python3.11/site-packages/six-1.17.0.dist-info/WHEEL
.venv/lib/python3.11/site-packages/six-1.17.0.dist-info/top_level.txt
.venv/lib/python3.11/site-packages/sniffio-1.3.1.dist-info/
.venv/lib/python3.11/site-packages/sniffio-1.3.1.dist-info/INSTALLER
.venv/lib/python3.11/site-packages/sniffio-1.3.1.dist-info/LICENSE
.venv/lib/python3.11/site-packages/sniffio-1.3.1.dist-info/LICENSE.APACHE2
.venv/lib/python3.11/site-packages/sniffio-1.3.1.dist-info/LICENSE.MIT
.venv/lib/python3.11/site-packages/sniffio-1.3.1.dist-info/METADATA
.venv/lib/python3.11/site-packages/sniffio-1.3.1.dist-info/RECORD
.venv/lib/python3.11/site-packages/sniffio-1.3.1.dist-info/WHEEL
.venv/lib/python3.11/site-packages/sniffio-1.3.1.dist-info/top_level.txt
.venv/lib/python3.11/site-packages/sniffio/
.venv/lib/python3.11/site-packages/sniffio/__init__.py
.venv/lib/python3.11/site-packages/sniffio/_impl.py
.venv/lib/python3.11/site-packages/sniffio/_version.py
.venv/lib/python3.11/site-packages/sniffio/py.typed
.venv/lib/python3.11/site-packages/sniffio/__pycache__/
.venv/lib/python3.11/site-packages/sniffio/_tests/
.venv/lib/python3.11/site-packages/sniffio/_tests/__init__.py
.venv/lib/python3.11/site-packages/sniffio/_tests/test_sniffio.py
.venv/lib/python3.11/site-packages/sniffio/_tests/__pycache__/
.venv/lib/python3.11/site-packages/sqlalchemy-2.0.46.dist-info/
.venv/lib/python3.11/site-packages/sqlalchemy-2.0.46.dist-info/INSTALLER
.venv/lib/python3.11/site-packages/sqlalchemy-2.0.46.dist-info/METADATA
.venv/lib/python3.11/site-packages/sqlalchemy-2.0.46.dist-info/RECORD
.venv/lib/python3.11/site-packages/sqlalchemy-2.0.46.dist-info/REQUESTED
.venv/lib/python3.11/site-packages/sqlalchemy-2.0.46.dist-info/WHEEL
.venv/lib/python3.11/site-packages/sqlalchemy-2.0.46.dist-info/top_level.txt
.venv/lib/python3.11/site-packages/sqlalchemy-2.0.46.dist-info/licenses/
.venv/lib/python3.11/site-packages/sqlalchemy-2.0.46.dist-info/licenses/LICENSE
.venv/lib/python3.11/site-packages/sqlalchemy/
.venv/lib/python3.11/site-packages/sqlalchemy/__init__.py
.venv/lib/python3.11/site-packages/sqlalchemy/events.py
.venv/lib/python3.11/site-packages/sqlalchemy/exc.py
.venv/lib/python3.11/site-packages/sqlalchemy/inspection.py
.venv/lib/python3.11/site-packages/sqlalchemy/log.py
.venv/lib/python3.11/site-packages/sqlalchemy/py.typed
.venv/lib/python3.11/site-packages/sqlalchemy/schema.py
.venv/lib/python3.11/site-packages/sqlalchemy/types.py
.venv/lib/python3.11/site-packages/sqlalchemy/__pycache__/
.venv/lib/python3.11/site-packages/sqlalchemy/connectors/
.venv/lib/python3.11/site-packages/sqlalchemy/connectors/__init__.py
.venv/lib/python3.11/site-packages/sqlalchemy/connectors/aioodbc.py
.venv/lib/python3.11/site-packages/sqlalchemy/connectors/asyncio.py
.venv/lib/python3.11/site-packages/sqlalchemy/connectors/pyodbc.py
.venv/lib/python3.11/site-packages/sqlalchemy/connectors/__pycache__/
.venv/lib/python3.11/site-packages/sqlalchemy/cyextension/
.venv/lib/python3.11/site-packages/sqlalchemy/cyextension/__init__.py
.venv/lib/python3.11/site-packages/sqlalchemy/cyextension/collections.cpython-311-darwin.so
.venv/lib/python3.11/site-packages/sqlalchemy/cyextension/collections.pyx
.venv/lib/python3.11/site-packages/sqlalchemy/cyextension/immutabledict.cpython-311-darwin.so
.venv/lib/python3.11/site-packages/sqlalchemy/cyextension/immutabledict.pxd
.venv/lib/python3.11/site-packages/sqlalchemy/cyextension/immutabledict.pyx
.venv/lib/python3.11/site-packages/sqlalchemy/cyextension/processors.cpython-311-darwin.so
.venv/lib/python3.11/site-packages/sqlalchemy/cyextension/processors.pyx
.venv/lib/python3.11/site-packages/sqlalchemy/cyextension/resultproxy.cpython-311-darwin.so
.venv/lib/python3.11/site-packages/sqlalchemy/cyextension/resultproxy.pyx
.venv/lib/python3.11/site-packages/sqlalchemy/cyextension/util.cpython-311-darwin.so
.venv/lib/python3.11/site-packages/sqlalchemy/cyextension/util.pyx
.venv/lib/python3.11/site-packages/sqlalchemy/cyextension/__pycache__/
.venv/lib/python3.11/site-packages/sqlalchemy/dialects/
.venv/lib/python3.11/site-packages/sqlalchemy/dialects/__init__.py
.venv/lib/python3.11/site-packages/sqlalchemy/dialects/_typing.py
.venv/lib/python3.11/site-packages/sqlalchemy/dialects/type_migration_guidelines.txt
.venv/lib/python3.11/site-packages/sqlalchemy/dialects/__pycache__/
.venv/lib/python3.11/site-packages/sqlalchemy/dialects/mssql/
.venv/lib/python3.11/site-packages/sqlalchemy/dialects/mssql/__init__.py
.venv/lib/python3.11/site-packages/sqlalchemy/dialects/mssql/aioodbc.py
.venv/lib/python3.11/site-packages/sqlalchemy/dialects/mssql/base.py
.venv/lib/python3.11/site-packages/sqlalchemy/dialects/mssql/information_schema.py
.venv/lib/python3.11/site-packages/sqlalchemy/dialects/mssql/json.py
.venv/lib/python3.11/site-packages/sqlalchemy/dialects/mssql/provision.py
.venv/lib/python3.11/site-packages/sqlalchemy/dialects/mssql/pymssql.py
.venv/lib/python3.11/site-packages/sqlalchemy/dialects/mssql/pyodbc.py
.venv/lib/python3.11/site-packages/sqlalchemy/dialects/mssql/__pycache__/
.venv/lib/python3.11/site-packages/sqlalchemy/dialects/mysql/
.venv/lib/python3.11/site-packages/sqlalchemy/dialects/mysql/__init__.py
.venv/lib/python3.11/site-packages/sqlalchemy/dialects/mysql/aiomysql.py
.venv/lib/python3.11/site-packages/sqlalchemy/dialects/mysql/asyncmy.py
.venv/lib/python3.11/site-packages/sqlalchemy/dialects/mysql/base.py
.venv/lib/python3.11/site-packages/sqlalchemy/dialects/mysql/cymysql.py
.venv/lib/python3.11/site-packages/sqlalchemy/dialects/mysql/dml.py
.venv/lib/python3.11/site-packages/sqlalchemy/dialects/mysql/enumerated.py
.venv/lib/python3.11/site-packages/sqlalchemy/dialects/mysql/expression.py
.venv/lib/python3.11/site-packages/sqlalchemy/dialects/mysql/json.py
.venv/lib/python3.11/site-packages/sqlalchemy/dialects/mysql/mariadb.py
.venv/lib/python3.11/site-packages/sqlalchemy/dialects/mysql/mariadbconnector.py
.venv/lib/python3.11/site-packages/sqlalchemy/dialects/mysql/mysqlconnector.py
.venv/lib/python3.11/site-packages/sqlalchemy/dialects/mysql/mysqldb.py
.venv/lib/python3.11/site-packages/sqlalchemy/dialects/mysql/provision.py
.venv/lib/python3.11/site-packages/sqlalchemy/dialects/mysql/pymysql.py
.venv/lib/python3.11/site-packages/sqlalchemy/dialects/mysql/pyodbc.py
.venv/lib/python3.11/site-packages/sqlalchemy/dialects/mysql/reflection.py
.venv/lib/python3.11/site-packages/sqlalchemy/dialects/mysql/reserved_words.py
.venv/lib/python3.11/site-packages/sqlalchemy/dialects/mysql/types.py
.venv/lib/python3.11/site-packages/sqlalchemy/dialects/mysql/__pycache__/
.venv/lib/python3.11/site-packages/sqlalchemy/dialects/oracle/
.venv/lib/python3.11/site-packages/sqlalchemy/dialects/oracle/__init__.py
.venv/lib/python3.11/site-packages/sqlalchemy/dialects/oracle/base.py
.venv/lib/python3.11/site-packages/sqlalchemy/dialects/oracle/cx_oracle.py
.venv/lib/python3.11/site-packages/sqlalchemy/dialects/oracle/dictionary.py
.venv/lib/python3.11/site-packages/sqlalchemy/dialects/oracle/oracledb.py
.venv/lib/python3.11/site-packages/sqlalchemy/dialects/oracle/provision.py
.venv/lib/python3.11/site-packages/sqlalchemy/dialects/oracle/types.py
.venv/lib/python3.11/site-packages/sqlalchemy/dialects/oracle/vector.py
.venv/lib/python3.11/site-packages/sqlalchemy/dialects/oracle/__pycache__/
.venv/lib/python3.11/site-packages/sqlalchemy/dialects/postgresql/
.venv/lib/python3.11/site-packages/sqlalchemy/dialects/postgresql/__init__.py
.venv/lib/python3.11/site-packages/sqlalchemy/dialects/postgresql/_psycopg_common.py
.venv/lib/python3.11/site-packages/sqlalchemy/dialects/postgresql/array.py
.venv/lib/python3.11/site-packages/sqlalchemy/dialects/postgresql/asyncpg.py
.venv/lib/python3.11/site-packages/sqlalchemy/dialects/postgresql/base.py
.venv/lib/python3.11/site-packages/sqlalchemy/dialects/postgresql/dml.py
.venv/lib/python3.11/site-packages/sqlalchemy/dialects/postgresql/ext.py
.venv/lib/python3.11/site-packages/sqlalchemy/dialects/postgresql/hstore.py
.venv/lib/python3.11/site-packages/sqlalchemy/dialects/postgresql/json.py
.venv/lib/python3.11/site-packages/sqlalchemy/dialects/postgresql/named_types.py
.venv/lib/python3.11/site-packages/sqlalchemy/dialects/postgresql/operators.py
.venv/lib/python3.11/site-packages/sqlalchemy/dialects/postgresql/pg8000.py
.venv/lib/python3.11/site-packages/sqlalchemy/dialects/postgresql/pg_catalog.py
.venv/lib/python3.11/site-packages/sqlalchemy/dialects/postgresql/provision.py
.venv/lib/python3.11/site-packages/sqlalchemy/dialects/postgresql/psycopg.py
.venv/lib/python3.11/site-packages/sqlalchemy/dialects/postgresql/psycopg2.py
.venv/lib/python3.11/site-packages/sqlalchemy/dialects/postgresql/psycopg2cffi.py
.venv/lib/python3.11/site-packages/sqlalchemy/dialects/postgresql/ranges.py
.venv/lib/python3.11/site-packages/sqlalchemy/dialects/postgresql/types.py
.venv/lib/python3.11/site-packages/sqlalchemy/dialects/postgresql/__pycache__/
.venv/lib/python3.11/site-packages/sqlalchemy/dialects/sqlite/
.venv/lib/python3.11/site-packages/sqlalchemy/dialects/sqlite/__init__.py
.venv/lib/python3.11/site-packages/sqlalchemy/dialects/sqlite/aiosqlite.py
.venv/lib/python3.11/site-packages/sqlalchemy/dialects/sqlite/base.py
.venv/lib/python3.11/site-packages/sqlalchemy/dialects/sqlite/dml.py
.venv/lib/python3.11/site-packages/sqlalchemy/dialects/sqlite/json.py
.venv/lib/python3.11/site-packages/sqlalchemy/dialects/sqlite/provision.py
.venv/lib/python3.11/site-packages/sqlalchemy/dialects/sqlite/pysqlcipher.py
.venv/lib/python3.11/site-packages/sqlalchemy/dialects/sqlite/pysqlite.py
.venv/lib/python3.11/site-packages/sqlalchemy/dialects/sqlite/__pycache__/
.venv/lib/python3.11/site-packages/sqlalchemy/engine/
.venv/lib/python3.11/site-packages/sqlalchemy/engine/__init__.py
.venv/lib/python3.11/site-packages/sqlalchemy/engine/_py_processors.py
.venv/lib/python3.11/site-packages/sqlalchemy/engine/_py_row.py
.venv/lib/python3.11/site-packages/sqlalchemy/engine/_py_util.py
.venv/lib/python3.11/site-packages/sqlalchemy/engine/base.py
.venv/lib/python3.11/site-packages/sqlalchemy/engine/characteristics.py
.venv/lib/python3.11/site-packages/sqlalchemy/engine/create.py
.venv/lib/python3.11/site-packages/sqlalchemy/engine/cursor.py
.venv/lib/python3.11/site-packages/sqlalchemy/engine/default.py
.venv/lib/python3.11/site-packages/sqlalchemy/engine/events.py
.venv/lib/python3.11/site-packages/sqlalchemy/engine/interfaces.py
.venv/lib/python3.11/site-packages/sqlalchemy/engine/mock.py
.venv/lib/python3.11/site-packages/sqlalchemy/engine/processors.py
.venv/lib/python3.11/site-packages/sqlalchemy/engine/reflection.py
.venv/lib/python3.11/site-packages/sqlalchemy/engine/result.py
.venv/lib/python3.11/site-packages/sqlalchemy/engine/row.py
.venv/lib/python3.11/site-packages/sqlalchemy/engine/strategies.py
.venv/lib/python3.11/site-packages/sqlalchemy/engine/url.py
.venv/lib/python3.11/site-packages/sqlalchemy/engine/util.py
.venv/lib/python3.11/site-packages/sqlalchemy/engine/__pycache__/
.venv/lib/python3.11/site-packages/sqlalchemy/event/
.venv/lib/python3.11/site-packages/sqlalchemy/event/__init__.py
.venv/lib/python3.11/site-packages/sqlalchemy/event/api.py
.venv/lib/python3.11/site-packages/sqlalchemy/event/attr.py
.venv/lib/python3.11/site-packages/sqlalchemy/event/base.py
.venv/lib/python3.11/site-packages/sqlalchemy/event/legacy.py
.venv/lib/python3.11/site-packages/sqlalchemy/event/registry.py
.venv/lib/python3.11/site-packages/sqlalchemy/event/__pycache__/
.venv/lib/python3.11/site-packages/sqlalchemy/ext/
.venv/lib/python3.11/site-packages/sqlalchemy/ext/__init__.py
.venv/lib/python3.11/site-packages/sqlalchemy/ext/associationproxy.py
.venv/lib/python3.11/site-packages/sqlalchemy/ext/automap.py
.venv/lib/python3.11/site-packages/sqlalchemy/ext/baked.py
.venv/lib/python3.11/site-packages/sqlalchemy/ext/compiler.py
.venv/lib/python3.11/site-packages/sqlalchemy/ext/horizontal_shard.py
.venv/lib/python3.11/site-packages/sqlalchemy/ext/hybrid.py
.venv/lib/python3.11/site-packages/sqlalchemy/ext/indexable.py
.venv/lib/python3.11/site-packages/sqlalchemy/ext/instrumentation.py
.venv/lib/python3.11/site-packages/sqlalchemy/ext/mutable.py
.venv/lib/python3.11/site-packages/sqlalchemy/ext/orderinglist.py
.venv/lib/python3.11/site-packages/sqlalchemy/ext/serializer.py
.venv/lib/python3.11/site-packages/sqlalchemy/ext/__pycache__/
.venv/lib/python3.11/site-packages/sqlalchemy/ext/asyncio/
.venv/lib/python3.11/site-packages/sqlalchemy/ext/asyncio/__init__.py
.venv/lib/python3.11/site-packages/sqlalchemy/ext/asyncio/base.py
.venv/lib/python3.11/site-packages/sqlalchemy/ext/asyncio/engine.py
.venv/lib/python3.11/site-packages/sqlalchemy/ext/asyncio/exc.py
.venv/lib/python3.11/site-packages/sqlalchemy/ext/asyncio/result.py
.venv/lib/python3.11/site-packages/sqlalchemy/ext/asyncio/scoping.py
.venv/lib/python3.11/site-packages/sqlalchemy/ext/asyncio/session.py
.venv/lib/python3.11/site-packages/sqlalchemy/ext/asyncio/__pycache__/
.venv/lib/python3.11/site-packages/sqlalchemy/ext/declarative/
.venv/lib/python3.11/site-packages/sqlalchemy/ext/declarative/__init__.py
.venv/lib/python3.11/site-packages/sqlalchemy/ext/declarative/extensions.py
.venv/lib/python3.11/site-packages/sqlalchemy/ext/declarative/__pycache__/
.venv/lib/python3.11/site-packages/sqlalchemy/ext/mypy/
.venv/lib/python3.11/site-packages/sqlalchemy/ext/mypy/__init__.py
.venv/lib/python3.11/site-packages/sqlalchemy/ext/mypy/apply.py
.venv/lib/python3.11/site-packages/sqlalchemy/ext/mypy/decl_class.py
.venv/lib/python3.11/site-packages/sqlalchemy/ext/mypy/infer.py
.venv/lib/python3.11/site-packages/sqlalchemy/ext/mypy/names.py
.venv/lib/python3.11/site-packages/sqlalchemy/ext/mypy/plugin.py
.venv/lib/python3.11/site-packages/sqlalchemy/ext/mypy/util.py
.venv/lib/python3.11/site-packages/sqlalchemy/ext/mypy/__pycache__/
.venv/lib/python3.11/site-packages/sqlalchemy/future/
.venv/lib/python3.11/site-packages/sqlalchemy/future/__init__.py
.venv/lib/python3.11/site-packages/sqlalchemy/future/engine.py
.venv/lib/python3.11/site-packages/sqlalchemy/future/__pycache__/
.venv/lib/python3.11/site-packages/sqlalchemy/orm/
.venv/lib/python3.11/site-packages/sqlalchemy/orm/__init__.py
.venv/lib/python3.11/site-packages/sqlalchemy/orm/_orm_constructors.py
.venv/lib/python3.11/site-packages/sqlalchemy/orm/_typing.py
.venv/lib/python3.11/site-packages/sqlalchemy/orm/attributes.py
.venv/lib/python3.11/site-packages/sqlalchemy/orm/base.py
.venv/lib/python3.11/site-packages/sqlalchemy/orm/bulk_persistence.py
.venv/lib/python3.11/site-packages/sqlalchemy/orm/clsregistry.py
.venv/lib/python3.11/site-packages/sqlalchemy/orm/collections.py
.venv/lib/python3.11/site-packages/sqlalchemy/orm/context.py
.venv/lib/python3.11/site-packages/sqlalchemy/orm/decl_api.py
.venv/lib/python3.11/site-packages/sqlalchemy/orm/decl_base.py
.venv/lib/python3.11/site-packages/sqlalchemy/orm/dependency.py
.venv/lib/python3.11/site-packages/sqlalchemy/orm/descriptor_props.py
.venv/lib/python3.11/site-packages/sqlalchemy/orm/dynamic.py
.venv/lib/python3.11/site-packages/sqlalchemy/orm/evaluator.py
.venv/lib/python3.11/site-packages/sqlalchemy/orm/events.py
.venv/lib/python3.11/site-packages/sqlalchemy/orm/exc.py
.venv/lib/python3.11/site-packages/sqlalchemy/orm/identity.py
.venv/lib/python3.11/site-packages/sqlalchemy/orm/instrumentation.py
.venv/lib/python3.11/site-packages/sqlalchemy/orm/interfaces.py
.venv/lib/python3.11/site-packages/sqlalchemy/orm/loading.py
.venv/lib/python3.11/site-packages/sqlalchemy/orm/mapped_collection.py
.venv/lib/python3.11/site-packages/sqlalchemy/orm/mapper.py
.venv/lib/python3.11/site-packages/sqlalchemy/orm/path_registry.py
.venv/lib/python3.11/site-packages/sqlalchemy/orm/persistence.py
.venv/lib/python3.11/site-packages/sqlalchemy/orm/properties.py
.venv/lib/python3.11/site-packages/sqlalchemy/orm/query.py
.venv/lib/python3.11/site-packages/sqlalchemy/orm/relationships.py
.venv/lib/python3.11/site-packages/sqlalchemy/orm/scoping.py
.venv/lib/python3.11/site-packages/sqlalchemy/orm/session.py
.venv/lib/python3.11/site-packages/sqlalchemy/orm/state.py
.venv/lib/python3.11/site-packages/sqlalchemy/orm/state_changes.py
.venv/lib/python3.11/site-packages/sqlalchemy/orm/strategies.py
.venv/lib/python3.11/site-packages/sqlalchemy/orm/strategy_options.py
.venv/lib/python3.11/site-packages/sqlalchemy/orm/sync.py
.venv/lib/python3.11/site-packages/sqlalchemy/orm/unitofwork.py
.venv/lib/python3.11/site-packages/sqlalchemy/orm/util.py
.venv/lib/python3.11/site-packages/sqlalchemy/orm/writeonly.py
.venv/lib/python3.11/site-packages/sqlalchemy/orm/__pycache__/
.venv/lib/python3.11/site-packages/sqlalchemy/pool/
.venv/lib/python3.11/site-packages/sqlalchemy/pool/__init__.py
.venv/lib/python3.11/site-packages/sqlalchemy/pool/base.py
.venv/lib/python3.11/site-packages/sqlalchemy/pool/events.py
.venv/lib/python3.11/site-packages/sqlalchemy/pool/impl.py
.venv/lib/python3.11/site-packages/sqlalchemy/pool/__pycache__/
.venv/lib/python3.11/site-packages/sqlalchemy/sql/
.venv/lib/python3.11/site-packages/sqlalchemy/sql/__init__.py
.venv/lib/python3.11/site-packages/sqlalchemy/sql/_dml_constructors.py
.venv/lib/python3.11/site-packages/sqlalchemy/sql/_elements_constructors.py
.venv/lib/python3.11/site-packages/sqlalchemy/sql/_orm_types.py
.venv/lib/python3.11/site-packages/sqlalchemy/sql/_py_util.py
.venv/lib/python3.11/site-packages/sqlalchemy/sql/_selectable_constructors.py
.venv/lib/python3.11/site-packages/sqlalchemy/sql/_typing.py
.venv/lib/python3.11/site-packages/sqlalchemy/sql/annotation.py
.venv/lib/python3.11/site-packages/sqlalchemy/sql/base.py
.venv/lib/python3.11/site-packages/sqlalchemy/sql/cache_key.py
.venv/lib/python3.11/site-packages/sqlalchemy/sql/coercions.py
.venv/lib/python3.11/site-packages/sqlalchemy/sql/compiler.py
.venv/lib/python3.11/site-packages/sqlalchemy/sql/crud.py
.venv/lib/python3.11/site-packages/sqlalchemy/sql/ddl.py
.venv/lib/python3.11/site-packages/sqlalchemy/sql/default_comparator.py
.venv/lib/python3.11/site-packages/sqlalchemy/sql/dml.py
.venv/lib/python3.11/site-packages/sqlalchemy/sql/elements.py
.venv/lib/python3.11/site-packages/sqlalchemy/sql/events.py
.venv/lib/python3.11/site-packages/sqlalchemy/sql/expression.py
.venv/lib/python3.11/site-packages/sqlalchemy/sql/functions.py
.venv/lib/python3.11/site-packages/sqlalchemy/sql/lambdas.py
.venv/lib/python3.11/site-packages/sqlalchemy/sql/naming.py
.venv/lib/python3.11/site-packages/sqlalchemy/sql/operators.py
.venv/lib/python3.11/site-packages/sqlalchemy/sql/roles.py
.venv/lib/python3.11/site-packages/sqlalchemy/sql/schema.py
.venv/lib/python3.11/site-packages/sqlalchemy/sql/selectable.py
.venv/lib/python3.11/site-packages/sqlalchemy/sql/sqltypes.py
.venv/lib/python3.11/site-packages/sqlalchemy/sql/traversals.py
.venv/lib/python3.11/site-packages/sqlalchemy/sql/type_api.py
.venv/lib/python3.11/site-packages/sqlalchemy/sql/util.py
.venv/lib/python3.11/site-packages/sqlalchemy/sql/visitors.py
.venv/lib/python3.11/site-packages/sqlalchemy/sql/__pycache__/
.venv/lib/python3.11/site-packages/sqlalchemy/testing/
.venv/lib/python3.11/site-packages/sqlalchemy/testing/__init__.py
.venv/lib/python3.11/site-packages/sqlalchemy/testing/assertions.py
.venv/lib/python3.11/site-packages/sqlalchemy/testing/assertsql.py
.venv/lib/python3.11/site-packages/sqlalchemy/testing/asyncio.py
.venv/lib/python3.11/site-packages/sqlalchemy/testing/config.py
.venv/lib/python3.11/site-packages/sqlalchemy/testing/engines.py
.venv/lib/python3.11/site-packages/sqlalchemy/testing/entities.py
.venv/lib/python3.11/site-packages/sqlalchemy/testing/exclusions.py
.venv/lib/python3.11/site-packages/sqlalchemy/testing/pickleable.py
.venv/lib/python3.11/site-packages/sqlalchemy/testing/profiling.py
.venv/lib/python3.11/site-packages/sqlalchemy/testing/provision.py
.venv/lib/python3.11/site-packages/sqlalchemy/testing/requirements.py
.venv/lib/python3.11/site-packages/sqlalchemy/testing/schema.py
.venv/lib/python3.11/site-packages/sqlalchemy/testing/util.py
.venv/lib/python3.11/site-packages/sqlalchemy/testing/warnings.py
.venv/lib/python3.11/site-packages/sqlalchemy/testing/__pycache__/
.venv/lib/python3.11/site-packages/sqlalchemy/testing/fixtures/
.venv/lib/python3.11/site-packages/sqlalchemy/testing/fixtures/__init__.py
.venv/lib/python3.11/site-packages/sqlalchemy/testing/fixtures/base.py
.venv/lib/python3.11/site-packages/sqlalchemy/testing/fixtures/mypy.py
.venv/lib/python3.11/site-packages/sqlalchemy/testing/fixtures/orm.py
.venv/lib/python3.11/site-packages/sqlalchemy/testing/fixtures/sql.py
.venv/lib/python3.11/site-packages/sqlalchemy/testing/fixtures/__pycache__/
.venv/lib/python3.11/site-packages/sqlalchemy/testing/plugin/
.venv/lib/python3.11/site-packages/sqlalchemy/testing/plugin/__init__.py
.venv/lib/python3.11/site-packages/sqlalchemy/testing/plugin/bootstrap.py
.venv/lib/python3.11/site-packages/sqlalchemy/testing/plugin/plugin_base.py
.venv/lib/python3.11/site-packages/sqlalchemy/testing/plugin/pytestplugin.py
.venv/lib/python3.11/site-packages/sqlalchemy/testing/plugin/__pycache__/
.venv/lib/python3.11/site-packages/sqlalchemy/testing/suite/
.venv/lib/python3.11/site-packages/sqlalchemy/testing/suite/__init__.py
.venv/lib/python3.11/site-packages/sqlalchemy/testing/suite/test_cte.py
.venv/lib/python3.11/site-packages/sqlalchemy/testing/suite/test_ddl.py
.venv/lib/python3.11/site-packages/sqlalchemy/testing/suite/test_deprecations.py
.venv/lib/python3.11/site-packages/sqlalchemy/testing/suite/test_dialect.py
.venv/lib/python3.11/site-packages/sqlalchemy/testing/suite/test_insert.py
.venv/lib/python3.11/site-packages/sqlalchemy/testing/suite/test_reflection.py
.venv/lib/python3.11/site-packages/sqlalchemy/testing/suite/test_results.py
.venv/lib/python3.11/site-packages/sqlalchemy/testing/suite/test_rowcount.py
.venv/lib/python3.11/site-packages/sqlalchemy/testing/suite/test_select.py
.venv/lib/python3.11/site-packages/sqlalchemy/testing/suite/test_sequence.py
.venv/lib/python3.11/site-packages/sqlalchemy/testing/suite/test_types.py
.venv/lib/python3.11/site-packages/sqlalchemy/testing/suite/test_unicode_ddl.py
.venv/lib/python3.11/site-packages/sqlalchemy/testing/suite/test_update_delete.py
.venv/lib/python3.11/site-packages/sqlalchemy/testing/suite/__pycache__/
.venv/lib/python3.11/site-packages/sqlalchemy/util/
.venv/lib/python3.11/site-packages/sqlalchemy/util/__init__.py
.venv/lib/python3.11/site-packages/sqlalchemy/util/_collections.py
.venv/lib/python3.11/site-packages/sqlalchemy/util/_concurrency_py3k.py
.venv/lib/python3.11/site-packages/sqlalchemy/util/_has_cy.py
.venv/lib/python3.11/site-packages/sqlalchemy/util/_py_collections.py
.venv/lib/python3.11/site-packages/sqlalchemy/util/compat.py
.venv/lib/python3.11/site-packages/sqlalchemy/util/concurrency.py
.venv/lib/python3.11/site-packages/sqlalchemy/util/deprecations.py
.venv/lib/python3.11/site-packages/sqlalchemy/util/langhelpers.py
.venv/lib/python3.11/site-packages/sqlalchemy/util/preloaded.py
.venv/lib/python3.11/site-packages/sqlalchemy/util/queue.py
.venv/lib/python3.11/site-packages/sqlalchemy/util/tool_support.py
.venv/lib/python3.11/site-packages/sqlalchemy/util/topological.py
.venv/lib/python3.11/site-packages/sqlalchemy/util/typing.py
.venv/lib/python3.11/site-packages/sqlalchemy/util/__pycache__/
.venv/lib/python3.11/site-packages/starlette-0.52.1.dist-info/
.venv/lib/python3.11/site-packages/starlette-0.52.1.dist-info/INSTALLER
.venv/lib/python3.11/site-packages/starlette-0.52.1.dist-info/METADATA
.venv/lib/python3.11/site-packages/starlette-0.52.1.dist-info/RECORD
.venv/lib/python3.11/site-packages/starlette-0.52.1.dist-info/REQUESTED
.venv/lib/python3.11/site-packages/starlette-0.52.1.dist-info/WHEEL
.venv/lib/python3.11/site-packages/starlette-0.52.1.dist-info/licenses/
.venv/lib/python3.11/site-packages/starlette-0.52.1.dist-info/licenses/LICENSE.md
.venv/lib/python3.11/site-packages/starlette/
.venv/lib/python3.11/site-packages/starlette/__init__.py
.venv/lib/python3.11/site-packages/starlette/_exception_handler.py
.venv/lib/python3.11/site-packages/starlette/_utils.py
.venv/lib/python3.11/site-packages/starlette/applications.py
.venv/lib/python3.11/site-packages/starlette/authentication.py
.venv/lib/python3.11/site-packages/starlette/background.py
.venv/lib/python3.11/site-packages/starlette/concurrency.py
.venv/lib/python3.11/site-packages/starlette/config.py
.venv/lib/python3.11/site-packages/starlette/convertors.py
.venv/lib/python3.11/site-packages/starlette/datastructures.py
.venv/lib/python3.11/site-packages/starlette/endpoints.py
.venv/lib/python3.11/site-packages/starlette/exceptions.py
.venv/lib/python3.11/site-packages/starlette/formparsers.py
.venv/lib/python3.11/site-packages/starlette/py.typed
.venv/lib/python3.11/site-packages/starlette/requests.py
.venv/lib/python3.11/site-packages/starlette/responses.py
.venv/lib/python3.11/site-packages/starlette/routing.py
.venv/lib/python3.11/site-packages/starlette/schemas.py
.venv/lib/python3.11/site-packages/starlette/staticfiles.py
.venv/lib/python3.11/site-packages/starlette/status.py
.venv/lib/python3.11/site-packages/starlette/templating.py
.venv/lib/python3.11/site-packages/starlette/testclient.py
.venv/lib/python3.11/site-packages/starlette/types.py
.venv/lib/python3.11/site-packages/starlette/websockets.py
.venv/lib/python3.11/site-packages/starlette/__pycache__/
.venv/lib/python3.11/site-packages/starlette/middleware/
.venv/lib/python3.11/site-packages/starlette/middleware/__init__.py
.venv/lib/python3.11/site-packages/starlette/middleware/authentication.py
.venv/lib/python3.11/site-packages/starlette/middleware/base.py
.venv/lib/python3.11/site-packages/starlette/middleware/cors.py
.venv/lib/python3.11/site-packages/starlette/middleware/errors.py
.venv/lib/python3.11/site-packages/starlette/middleware/exceptions.py
.venv/lib/python3.11/site-packages/starlette/middleware/gzip.py
.venv/lib/python3.11/site-packages/starlette/middleware/httpsredirect.py
.venv/lib/python3.11/site-packages/starlette/middleware/sessions.py
.venv/lib/python3.11/site-packages/starlette/middleware/trustedhost.py
.venv/lib/python3.11/site-packages/starlette/middleware/wsgi.py
.venv/lib/python3.11/site-packages/starlette/middleware/__pycache__/
.venv/lib/python3.11/site-packages/typing_extensions-4.15.0.dist-info/
.venv/lib/python3.11/site-packages/typing_extensions-4.15.0.dist-info/INSTALLER
.venv/lib/python3.11/site-packages/typing_extensions-4.15.0.dist-info/METADATA
.venv/lib/python3.11/site-packages/typing_extensions-4.15.0.dist-info/RECORD
.venv/lib/python3.11/site-packages/typing_extensions-4.15.0.dist-info/REQUESTED
.venv/lib/python3.11/site-packages/typing_extensions-4.15.0.dist-info/WHEEL
.venv/lib/python3.11/site-packages/typing_extensions-4.15.0.dist-info/licenses/
.venv/lib/python3.11/site-packages/typing_extensions-4.15.0.dist-info/licenses/LICENSE
.venv/lib/python3.11/site-packages/typing_inspection-0.4.2.dist-info/
.venv/lib/python3.11/site-packages/typing_inspection-0.4.2.dist-info/INSTALLER
.venv/lib/python3.11/site-packages/typing_inspection-0.4.2.dist-info/METADATA
.venv/lib/python3.11/site-packages/typing_inspection-0.4.2.dist-info/RECORD
.venv/lib/python3.11/site-packages/typing_inspection-0.4.2.dist-info/REQUESTED
.venv/lib/python3.11/site-packages/typing_inspection-0.4.2.dist-info/WHEEL
.venv/lib/python3.11/site-packages/typing_inspection-0.4.2.dist-info/licenses/
.venv/lib/python3.11/site-packages/typing_inspection-0.4.2.dist-info/licenses/LICENSE
.venv/lib/python3.11/site-packages/typing_inspection/
.venv/lib/python3.11/site-packages/typing_inspection/__init__.py
.venv/lib/python3.11/site-packages/typing_inspection/introspection.py
.venv/lib/python3.11/site-packages/typing_inspection/py.typed
.venv/lib/python3.11/site-packages/typing_inspection/typing_objects.py
.venv/lib/python3.11/site-packages/typing_inspection/typing_objects.pyi
.venv/lib/python3.11/site-packages/typing_inspection/__pycache__/
.venv/lib/python3.11/site-packages/urllib3-2.6.3.dist-info/
.venv/lib/python3.11/site-packages/urllib3-2.6.3.dist-info/INSTALLER
.venv/lib/python3.11/site-packages/urllib3-2.6.3.dist-info/METADATA
.venv/lib/python3.11/site-packages/urllib3-2.6.3.dist-info/RECORD
.venv/lib/python3.11/site-packages/urllib3-2.6.3.dist-info/REQUESTED
.venv/lib/python3.11/site-packages/urllib3-2.6.3.dist-info/WHEEL
.venv/lib/python3.11/site-packages/urllib3-2.6.3.dist-info/licenses/
.venv/lib/python3.11/site-packages/urllib3-2.6.3.dist-info/licenses/LICENSE.txt
.venv/lib/python3.11/site-packages/urllib3/
.venv/lib/python3.11/site-packages/urllib3/__init__.py
.venv/lib/python3.11/site-packages/urllib3/_base_connection.py
.venv/lib/python3.11/site-packages/urllib3/_collections.py
.venv/lib/python3.11/site-packages/urllib3/_request_methods.py
.venv/lib/python3.11/site-packages/urllib3/_version.py
.venv/lib/python3.11/site-packages/urllib3/connection.py
.venv/lib/python3.11/site-packages/urllib3/connectionpool.py
.venv/lib/python3.11/site-packages/urllib3/exceptions.py
.venv/lib/python3.11/site-packages/urllib3/fields.py
.venv/lib/python3.11/site-packages/urllib3/filepost.py
.venv/lib/python3.11/site-packages/urllib3/poolmanager.py
.venv/lib/python3.11/site-packages/urllib3/py.typed
.venv/lib/python3.11/site-packages/urllib3/response.py
.venv/lib/python3.11/site-packages/urllib3/__pycache__/
.venv/lib/python3.11/site-packages/urllib3/contrib/
.venv/lib/python3.11/site-packages/urllib3/contrib/__init__.py
.venv/lib/python3.11/site-packages/urllib3/contrib/pyopenssl.py
.venv/lib/python3.11/site-packages/urllib3/contrib/socks.py
.venv/lib/python3.11/site-packages/urllib3/contrib/__pycache__/
.venv/lib/python3.11/site-packages/urllib3/contrib/emscripten/
.venv/lib/python3.11/site-packages/urllib3/contrib/emscripten/__init__.py
.venv/lib/python3.11/site-packages/urllib3/contrib/emscripten/connection.py
.venv/lib/python3.11/site-packages/urllib3/contrib/emscripten/emscripten_fetch_worker.js
.venv/lib/python3.11/site-packages/urllib3/contrib/emscripten/fetch.py
.venv/lib/python3.11/site-packages/urllib3/contrib/emscripten/request.py
.venv/lib/python3.11/site-packages/urllib3/contrib/emscripten/response.py
.venv/lib/python3.11/site-packages/urllib3/contrib/emscripten/__pycache__/
.venv/lib/python3.11/site-packages/urllib3/http2/
.venv/lib/python3.11/site-packages/urllib3/http2/__init__.py
.venv/lib/python3.11/site-packages/urllib3/http2/connection.py
.venv/lib/python3.11/site-packages/urllib3/http2/probe.py
.venv/lib/python3.11/site-packages/urllib3/http2/__pycache__/
.venv/lib/python3.11/site-packages/urllib3/util/
.venv/lib/python3.11/site-packages/urllib3/util/__init__.py
.venv/lib/python3.11/site-packages/urllib3/util/connection.py
.venv/lib/python3.11/site-packages/urllib3/util/proxy.py
.venv/lib/python3.11/site-packages/urllib3/util/request.py
.venv/lib/python3.11/site-packages/urllib3/util/response.py
.venv/lib/python3.11/site-packages/urllib3/util/retry.py
.venv/lib/python3.11/site-packages/urllib3/util/ssl_.py
.venv/lib/python3.11/site-packages/urllib3/util/ssl_match_hostname.py
.venv/lib/python3.11/site-packages/urllib3/util/ssltransport.py
.venv/lib/python3.11/site-packages/urllib3/util/timeout.py
.venv/lib/python3.11/site-packages/urllib3/util/url.py
.venv/lib/python3.11/site-packages/urllib3/util/util.py
.venv/lib/python3.11/site-packages/urllib3/util/wait.py
.venv/lib/python3.11/site-packages/urllib3/util/__pycache__/
.venv/lib/python3.11/site-packages/uvicorn-0.41.0.dist-info/
.venv/lib/python3.11/site-packages/uvicorn-0.41.0.dist-info/INSTALLER
.venv/lib/python3.11/site-packages/uvicorn-0.41.0.dist-info/METADATA
.venv/lib/python3.11/site-packages/uvicorn-0.41.0.dist-info/RECORD
.venv/lib/python3.11/site-packages/uvicorn-0.41.0.dist-info/REQUESTED
.venv/lib/python3.11/site-packages/uvicorn-0.41.0.dist-info/WHEEL
.venv/lib/python3.11/site-packages/uvicorn-0.41.0.dist-info/entry_points.txt
.venv/lib/python3.11/site-packages/uvicorn-0.41.0.dist-info/licenses/
.venv/lib/python3.11/site-packages/uvicorn-0.41.0.dist-info/licenses/LICENSE.md
.venv/lib/python3.11/site-packages/uvicorn/
.venv/lib/python3.11/site-packages/uvicorn/__init__.py
.venv/lib/python3.11/site-packages/uvicorn/__main__.py
.venv/lib/python3.11/site-packages/uvicorn/_compat.py
.venv/lib/python3.11/site-packages/uvicorn/_subprocess.py
.venv/lib/python3.11/site-packages/uvicorn/_types.py
.venv/lib/python3.11/site-packages/uvicorn/config.py
.venv/lib/python3.11/site-packages/uvicorn/importer.py
.venv/lib/python3.11/site-packages/uvicorn/logging.py
.venv/lib/python3.11/site-packages/uvicorn/main.py
.venv/lib/python3.11/site-packages/uvicorn/py.typed
.venv/lib/python3.11/site-packages/uvicorn/server.py
.venv/lib/python3.11/site-packages/uvicorn/workers.py
.venv/lib/python3.11/site-packages/uvicorn/__pycache__/
.venv/lib/python3.11/site-packages/uvicorn/lifespan/
.venv/lib/python3.11/site-packages/uvicorn/lifespan/__init__.py
.venv/lib/python3.11/site-packages/uvicorn/lifespan/off.py
.venv/lib/python3.11/site-packages/uvicorn/lifespan/on.py
.venv/lib/python3.11/site-packages/uvicorn/lifespan/__pycache__/
.venv/lib/python3.11/site-packages/uvicorn/loops/
.venv/lib/python3.11/site-packages/uvicorn/loops/__init__.py
.venv/lib/python3.11/site-packages/uvicorn/loops/asyncio.py
.venv/lib/python3.11/site-packages/uvicorn/loops/auto.py
.venv/lib/python3.11/site-packages/uvicorn/loops/uvloop.py
.venv/lib/python3.11/site-packages/uvicorn/loops/__pycache__/
.venv/lib/python3.11/site-packages/uvicorn/middleware/
.venv/lib/python3.11/site-packages/uvicorn/middleware/__init__.py
.venv/lib/python3.11/site-packages/uvicorn/middleware/asgi2.py
.venv/lib/python3.11/site-packages/uvicorn/middleware/message_logger.py
.venv/lib/python3.11/site-packages/uvicorn/middleware/proxy_headers.py
.venv/lib/python3.11/site-packages/uvicorn/middleware/wsgi.py
.venv/lib/python3.11/site-packages/uvicorn/middleware/__pycache__/
.venv/lib/python3.11/site-packages/uvicorn/protocols/
.venv/lib/python3.11/site-packages/uvicorn/protocols/__init__.py
.venv/lib/python3.11/site-packages/uvicorn/protocols/utils.py
.venv/lib/python3.11/site-packages/uvicorn/protocols/__pycache__/
.venv/lib/python3.11/site-packages/uvicorn/protocols/http/
.venv/lib/python3.11/site-packages/uvicorn/protocols/http/__init__.py
.venv/lib/python3.11/site-packages/uvicorn/protocols/http/auto.py
.venv/lib/python3.11/site-packages/uvicorn/protocols/http/flow_control.py
.venv/lib/python3.11/site-packages/uvicorn/protocols/http/h11_impl.py
.venv/lib/python3.11/site-packages/uvicorn/protocols/http/httptools_impl.py
.venv/lib/python3.11/site-packages/uvicorn/protocols/http/__pycache__/
.venv/lib/python3.11/site-packages/uvicorn/protocols/websockets/
.venv/lib/python3.11/site-packages/uvicorn/protocols/websockets/__init__.py
.venv/lib/python3.11/site-packages/uvicorn/protocols/websockets/auto.py
.venv/lib/python3.11/site-packages/uvicorn/protocols/websockets/websockets_impl.py
.venv/lib/python3.11/site-packages/uvicorn/protocols/websockets/websockets_sansio_impl.py
.venv/lib/python3.11/site-packages/uvicorn/protocols/websockets/wsproto_impl.py
.venv/lib/python3.11/site-packages/uvicorn/protocols/websockets/__pycache__/
.venv/lib/python3.11/site-packages/uvicorn/supervisors/
.venv/lib/python3.11/site-packages/uvicorn/supervisors/__init__.py
.venv/lib/python3.11/site-packages/uvicorn/supervisors/basereload.py
.venv/lib/python3.11/site-packages/uvicorn/supervisors/multiprocess.py
.venv/lib/python3.11/site-packages/uvicorn/supervisors/statreload.py
.venv/lib/python3.11/site-packages/uvicorn/supervisors/watchfilesreload.py
.venv/lib/python3.11/site-packages/uvicorn/supervisors/__pycache__/
.venv/lib/python3.11/site-packages/uvloop-0.22.1.dist-info/
.venv/lib/python3.11/site-packages/uvloop-0.22.1.dist-info/INSTALLER
.venv/lib/python3.11/site-packages/uvloop-0.22.1.dist-info/METADATA
.venv/lib/python3.11/site-packages/uvloop-0.22.1.dist-info/RECORD
.venv/lib/python3.11/site-packages/uvloop-0.22.1.dist-info/REQUESTED
.venv/lib/python3.11/site-packages/uvloop-0.22.1.dist-info/WHEEL
.venv/lib/python3.11/site-packages/uvloop-0.22.1.dist-info/top_level.txt
.venv/lib/python3.11/site-packages/uvloop-0.22.1.dist-info/licenses/
.venv/lib/python3.11/site-packages/uvloop-0.22.1.dist-info/licenses/LICENSE-APACHE
.venv/lib/python3.11/site-packages/uvloop-0.22.1.dist-info/licenses/LICENSE-MIT
.venv/lib/python3.11/site-packages/uvloop/
.venv/lib/python3.11/site-packages/uvloop/__init__.py
.venv/lib/python3.11/site-packages/uvloop/_noop.py
.venv/lib/python3.11/site-packages/uvloop/_testbase.py
.venv/lib/python3.11/site-packages/uvloop/_version.py
.venv/lib/python3.11/site-packages/uvloop/cbhandles.pxd
.venv/lib/python3.11/site-packages/uvloop/cbhandles.pyx
.venv/lib/python3.11/site-packages/uvloop/dns.pyx
.venv/lib/python3.11/site-packages/uvloop/errors.pyx
.venv/lib/python3.11/site-packages/uvloop/loop.cpython-311-darwin.so
.venv/lib/python3.11/site-packages/uvloop/loop.pxd
.venv/lib/python3.11/site-packages/uvloop/loop.pyi
.venv/lib/python3.11/site-packages/uvloop/loop.pyx
.venv/lib/python3.11/site-packages/uvloop/lru.pyx
.venv/lib/python3.11/site-packages/uvloop/pseudosock.pyx
.venv/lib/python3.11/site-packages/uvloop/py.typed
.venv/lib/python3.11/site-packages/uvloop/request.pxd
.venv/lib/python3.11/site-packages/uvloop/request.pyx
.venv/lib/python3.11/site-packages/uvloop/server.pxd
.venv/lib/python3.11/site-packages/uvloop/server.pyx
.venv/lib/python3.11/site-packages/uvloop/sslproto.pxd
.venv/lib/python3.11/site-packages/uvloop/sslproto.pyx
.venv/lib/python3.11/site-packages/uvloop/__pycache__/
.venv/lib/python3.11/site-packages/uvloop/handles/
.venv/lib/python3.11/site-packages/uvloop/handles/async_.pxd
.venv/lib/python3.11/site-packages/uvloop/handles/async_.pyx
.venv/lib/python3.11/site-packages/uvloop/handles/basetransport.pxd
.venv/lib/python3.11/site-packages/uvloop/handles/basetransport.pyx
.venv/lib/python3.11/site-packages/uvloop/handles/check.pxd
.venv/lib/python3.11/site-packages/uvloop/handles/check.pyx
.venv/lib/python3.11/site-packages/uvloop/handles/fsevent.pxd
.venv/lib/python3.11/site-packages/uvloop/handles/fsevent.pyx
.venv/lib/python3.11/site-packages/uvloop/handles/handle.pxd
.venv/lib/python3.11/site-packages/uvloop/handles/handle.pyx
.venv/lib/python3.11/site-packages/uvloop/handles/idle.pxd
.venv/lib/python3.11/site-packages/uvloop/handles/idle.pyx
.venv/lib/python3.11/site-packages/uvloop/handles/pipe.pxd
.venv/lib/python3.11/site-packages/uvloop/handles/pipe.pyx
.venv/lib/python3.11/site-packages/uvloop/handles/poll.pxd
.venv/lib/python3.11/site-packages/uvloop/handles/poll.pyx
.venv/lib/python3.11/site-packages/uvloop/handles/process.pxd
.venv/lib/python3.11/site-packages/uvloop/handles/process.pyx
.venv/lib/python3.11/site-packages/uvloop/handles/stream.pxd
.venv/lib/python3.11/site-packages/uvloop/handles/stream.pyx
.venv/lib/python3.11/site-packages/uvloop/handles/streamserver.pxd
.venv/lib/python3.11/site-packages/uvloop/handles/streamserver.pyx
.venv/lib/python3.11/site-packages/uvloop/handles/tcp.pxd
.venv/lib/python3.11/site-packages/uvloop/handles/tcp.pyx
.venv/lib/python3.11/site-packages/uvloop/handles/timer.pxd
.venv/lib/python3.11/site-packages/uvloop/handles/timer.pyx
.venv/lib/python3.11/site-packages/uvloop/handles/udp.pxd
.venv/lib/python3.11/site-packages/uvloop/handles/udp.pyx
.venv/lib/python3.11/site-packages/uvloop/includes/
.venv/lib/python3.11/site-packages/uvloop/includes/__init__.py
.venv/lib/python3.11/site-packages/uvloop/includes/consts.pxi
.venv/lib/python3.11/site-packages/uvloop/includes/debug.pxd
.venv/lib/python3.11/site-packages/uvloop/includes/flowcontrol.pxd
.venv/lib/python3.11/site-packages/uvloop/includes/python.pxd
.venv/lib/python3.11/site-packages/uvloop/includes/stdlib.pxi
.venv/lib/python3.11/site-packages/uvloop/includes/system.pxd
.venv/lib/python3.11/site-packages/uvloop/includes/uv.pxd
.venv/lib/python3.11/site-packages/uvloop/includes/__pycache__/
.venv/lib/python3.11/site-packages/watchfiles-1.1.1.dist-info/
.venv/lib/python3.11/site-packages/watchfiles-1.1.1.dist-info/INSTALLER
.venv/lib/python3.11/site-packages/watchfiles-1.1.1.dist-info/METADATA
.venv/lib/python3.11/site-packages/watchfiles-1.1.1.dist-info/RECORD
.venv/lib/python3.11/site-packages/watchfiles-1.1.1.dist-info/REQUESTED
.venv/lib/python3.11/site-packages/watchfiles-1.1.1.dist-info/WHEEL
.venv/lib/python3.11/site-packages/watchfiles-1.1.1.dist-info/entry_points.txt
.venv/lib/python3.11/site-packages/watchfiles-1.1.1.dist-info/licenses/
.venv/lib/python3.11/site-packages/watchfiles-1.1.1.dist-info/licenses/LICENSE
.venv/lib/python3.11/site-packages/watchfiles/
.venv/lib/python3.11/site-packages/watchfiles/__init__.py
.venv/lib/python3.11/site-packages/watchfiles/__main__.py
.venv/lib/python3.11/site-packages/watchfiles/_rust_notify.cpython-311-darwin.so
.venv/lib/python3.11/site-packages/watchfiles/_rust_notify.pyi
.venv/lib/python3.11/site-packages/watchfiles/cli.py
.venv/lib/python3.11/site-packages/watchfiles/filters.py
.venv/lib/python3.11/site-packages/watchfiles/main.py
.venv/lib/python3.11/site-packages/watchfiles/py.typed
.venv/lib/python3.11/site-packages/watchfiles/run.py
.venv/lib/python3.11/site-packages/watchfiles/version.py
.venv/lib/python3.11/site-packages/watchfiles/__pycache__/
.venv/lib/python3.11/site-packages/websockets-16.0.dist-info/
.venv/lib/python3.11/site-packages/websockets-16.0.dist-info/INSTALLER
.venv/lib/python3.11/site-packages/websockets-16.0.dist-info/METADATA
.venv/lib/python3.11/site-packages/websockets-16.0.dist-info/RECORD
.venv/lib/python3.11/site-packages/websockets-16.0.dist-info/REQUESTED
.venv/lib/python3.11/site-packages/websockets-16.0.dist-info/WHEEL
.venv/lib/python3.11/site-packages/websockets-16.0.dist-info/entry_points.txt
.venv/lib/python3.11/site-packages/websockets-16.0.dist-info/top_level.txt
.venv/lib/python3.11/site-packages/websockets-16.0.dist-info/licenses/
.venv/lib/python3.11/site-packages/websockets-16.0.dist-info/licenses/LICENSE
.venv/lib/python3.11/site-packages/websockets/
.venv/lib/python3.11/site-packages/websockets/__init__.py
.venv/lib/python3.11/site-packages/websockets/__main__.py
.venv/lib/python3.11/site-packages/websockets/auth.py
.venv/lib/python3.11/site-packages/websockets/cli.py
.venv/lib/python3.11/site-packages/websockets/client.py
.venv/lib/python3.11/site-packages/websockets/connection.py
.venv/lib/python3.11/site-packages/websockets/datastructures.py
.venv/lib/python3.11/site-packages/websockets/exceptions.py
.venv/lib/python3.11/site-packages/websockets/frames.py
.venv/lib/python3.11/site-packages/websockets/headers.py
.venv/lib/python3.11/site-packages/websockets/http.py
.venv/lib/python3.11/site-packages/websockets/http11.py
.venv/lib/python3.11/site-packages/websockets/imports.py
.venv/lib/python3.11/site-packages/websockets/protocol.py
.venv/lib/python3.11/site-packages/websockets/proxy.py
.venv/lib/python3.11/site-packages/websockets/py.typed
.venv/lib/python3.11/site-packages/websockets/server.py
.venv/lib/python3.11/site-packages/websockets/speedups.c
.venv/lib/python3.11/site-packages/websockets/speedups.cpython-311-darwin.so
.venv/lib/python3.11/site-packages/websockets/speedups.pyi
.venv/lib/python3.11/site-packages/websockets/streams.py
.venv/lib/python3.11/site-packages/websockets/typing.py
.venv/lib/python3.11/site-packages/websockets/uri.py
.venv/lib/python3.11/site-packages/websockets/utils.py
.venv/lib/python3.11/site-packages/websockets/version.py
.venv/lib/python3.11/site-packages/websockets/__pycache__/
.venv/lib/python3.11/site-packages/websockets/asyncio/
.venv/lib/python3.11/site-packages/websockets/asyncio/__init__.py
.venv/lib/python3.11/site-packages/websockets/asyncio/async_timeout.py
.venv/lib/python3.11/site-packages/websockets/asyncio/client.py
.venv/lib/python3.11/site-packages/websockets/asyncio/compatibility.py
.venv/lib/python3.11/site-packages/websockets/asyncio/connection.py
.venv/lib/python3.11/site-packages/websockets/asyncio/messages.py
.venv/lib/python3.11/site-packages/websockets/asyncio/router.py
.venv/lib/python3.11/site-packages/websockets/asyncio/server.py
.venv/lib/python3.11/site-packages/websockets/asyncio/__pycache__/
.venv/lib/python3.11/site-packages/websockets/extensions/
.venv/lib/python3.11/site-packages/websockets/extensions/__init__.py
.venv/lib/python3.11/site-packages/websockets/extensions/base.py
.venv/lib/python3.11/site-packages/websockets/extensions/permessage_deflate.py
.venv/lib/python3.11/site-packages/websockets/extensions/__pycache__/
.venv/lib/python3.11/site-packages/websockets/legacy/
.venv/lib/python3.11/site-packages/websockets/legacy/__init__.py
.venv/lib/python3.11/site-packages/websockets/legacy/auth.py
.venv/lib/python3.11/site-packages/websockets/legacy/client.py
.venv/lib/python3.11/site-packages/websockets/legacy/exceptions.py
.venv/lib/python3.11/site-packages/websockets/legacy/framing.py
.venv/lib/python3.11/site-packages/websockets/legacy/handshake.py
.venv/lib/python3.11/site-packages/websockets/legacy/http.py
.venv/lib/python3.11/site-packages/websockets/legacy/protocol.py
.venv/lib/python3.11/site-packages/websockets/legacy/server.py
.venv/lib/python3.11/site-packages/websockets/legacy/__pycache__/
.venv/lib/python3.11/site-packages/websockets/sync/
.venv/lib/python3.11/site-packages/websockets/sync/__init__.py
.venv/lib/python3.11/site-packages/websockets/sync/client.py
.venv/lib/python3.11/site-packages/websockets/sync/connection.py
.venv/lib/python3.11/site-packages/websockets/sync/messages.py
.venv/lib/python3.11/site-packages/websockets/sync/router.py
.venv/lib/python3.11/site-packages/websockets/sync/server.py
.venv/lib/python3.11/site-packages/websockets/sync/utils.py
.venv/lib/python3.11/site-packages/websockets/sync/__pycache__/
.venv/lib/python3.11/site-packages/yaml/
.venv/lib/python3.11/site-packages/yaml/__init__.py
.venv/lib/python3.11/site-packages/yaml/_yaml.cpython-311-darwin.so
.venv/lib/python3.11/site-packages/yaml/composer.py
.venv/lib/python3.11/site-packages/yaml/constructor.py
.venv/lib/python3.11/site-packages/yaml/cyaml.py
.venv/lib/python3.11/site-packages/yaml/dumper.py
.venv/lib/python3.11/site-packages/yaml/emitter.py
.venv/lib/python3.11/site-packages/yaml/error.py
.venv/lib/python3.11/site-packages/yaml/events.py
.venv/lib/python3.11/site-packages/yaml/loader.py
.venv/lib/python3.11/site-packages/yaml/nodes.py
.venv/lib/python3.11/site-packages/yaml/parser.py
.venv/lib/python3.11/site-packages/yaml/reader.py
.venv/lib/python3.11/site-packages/yaml/representer.py
.venv/lib/python3.11/site-packages/yaml/resolver.py
.venv/lib/python3.11/site-packages/yaml/scanner.py
.venv/lib/python3.11/site-packages/yaml/serializer.py
.venv/lib/python3.11/site-packages/yaml/tokens.py
.venv/lib/python3.11/site-packages/yaml/__pycache__/
.venv/lib/python3.11/site-packages/yarg-0.1.10.dist-info/
.venv/lib/python3.11/site-packages/yarg-0.1.10.dist-info/INSTALLER
.venv/lib/python3.11/site-packages/yarg-0.1.10.dist-info/LICENSE
.venv/lib/python3.11/site-packages/yarg-0.1.10.dist-info/LICENSE-REQUESTS
.venv/lib/python3.11/site-packages/yarg-0.1.10.dist-info/METADATA
.venv/lib/python3.11/site-packages/yarg-0.1.10.dist-info/RECORD
.venv/lib/python3.11/site-packages/yarg-0.1.10.dist-info/REQUESTED
.venv/lib/python3.11/site-packages/yarg-0.1.10.dist-info/WHEEL
.venv/lib/python3.11/site-packages/yarg-0.1.10.dist-info/top_level.txt
.venv/lib/python3.11/site-packages/yarg-0.1.10.dist-info/zip-safe
.venv/lib/python3.11/site-packages/yarg/
.venv/lib/python3.11/site-packages/yarg/__about__.py
.venv/lib/python3.11/site-packages/yarg/__init__.py
.venv/lib/python3.11/site-packages/yarg/client.py
.venv/lib/python3.11/site-packages/yarg/exceptions.py
.venv/lib/python3.11/site-packages/yarg/package.py
.venv/lib/python3.11/site-packages/yarg/parse.py
.venv/lib/python3.11/site-packages/yarg/release.py
.venv/lib/python3.11/site-packages/yarg/__pycache__/
app/
app/__init__.py
app/config.py
app/config_store.py
app/database.py
app/db_migrate.py
app/dependencies.py
app/main.py
app/models.py
app/schemas.py
app/security.py
app/test_groq.py
app/__pycache__/
app/__pycache__/__init__.cpython-311.pyc
app/__pycache__/config.cpython-311.pyc
app/__pycache__/config_store.cpython-311.pyc
app/__pycache__/database.cpython-311.pyc
app/__pycache__/db_migrate.cpython-311.pyc
app/__pycache__/dependencies.cpython-311.pyc
app/__pycache__/main.cpython-311.pyc
app/__pycache__/models.cpython-311.pyc
app/__pycache__/schemas.cpython-311.pyc
app/__pycache__/security.cpython-311.pyc
app/routes/
app/routes/__init__.py
app/routes/admin.py
app/routes/api.js
app/routes/auth.py
app/routes/cover_letters.py
app/routes/cvs.py
app/routes/job_applications.py
app/routes/__pycache__/
app/routes/__pycache__/__init__.cpython-311.pyc
app/routes/__pycache__/admin.cpython-311.pyc
app/routes/__pycache__/auth.cpython-311.pyc
app/routes/__pycache__/cover_letters.cpython-311.pyc
app/routes/__pycache__/cvs.cpython-311.pyc
app/routes/__pycache__/job_applications.cpython-311.pyc
app/utils/
app/utils/__init__.py
app/utils/ai_enhance.py
app/utils/ai_integration.py
app/utils/cv_parser.py
app/utils/language_detect.py
app/utils/pdf_generator.py
app/utils/__pycache__/
app/utils/__pycache__/__init__.cpython-311.pyc
app/utils/__pycache__/ai_enhance.cpython-311.pyc
app/utils/__pycache__/ai_integration.cpython-311.pyc
app/utils/__pycache__/cv_parser.cpython-311.pyc
app/utils/__pycache__/language_detect.cpython-311.pyc
app/utils/__pycache__/pdf_generator.cpython-311.pyc
uploads/
uploads/10_Rabindra_Resume.pdf
uploads/10_Sunil_KC_Lebenslauf_2026.pdf
uploads/11_Rabindra_Pandey_Labenslauf.pdf
uploads/11_Sunil_KC_Lebenslauf_2026.pdf
uploads/12_Sunil_KC_Lebenslauf_2026.pdf
uploads/12_Vertrag Pandey Rawal.pdf
uploads/13_Rabindra_Pandey_Labenslauf copy.pdf
uploads/13_Ranjita_Pandey_Resume.pdf
uploads/14_Rabindra_Pandey_Labenslauf copy.pdf
uploads/14_Rabindra_Pandey_Labenslauf.pdf
uploads/15_Rabindra_Pandey_Labenslauf copy.pdf
uploads/15_Ranjita_Pandey_Resume.pdf
uploads/16_Rabindra_Pandey_Labenslauf copy.pdf
uploads/16_Rabindra_Pandey_Labenslauf.pdf
uploads/16_Sunil_KC_Lebenslauf_2026.pdf
uploads/17_Rabindra_Pandey_Labenslauf.pdf
uploads/17_Ranjita_Pandey_Resume.pdf
uploads/17_Sunil_KC_Lebenslauf_2026.pdf
uploads/18_Rabindra_Pandey_Labenslauf.pdf
uploads/18_Sunil_KC_Lebenslauf_2026.pdf
uploads/19_Rabindra_Pandey_Labenslauf.pdf
uploads/19_Sunil_KC_Lebenslauf_2026.pdf
uploads/1_Rabindra_Pandey_Labenslauf copy.pdf
uploads/1_Ranjita_Pandey_Resume.pdf
uploads/20_Rabindra_Pandey_Labenslauf.pdf
uploads/20_Ranjita_Pandey_Resume.pdf
uploads/20_Sunil_KC_Lebenslauf_2026.pdf
uploads/21_Rabindra_Pandey_Labenslauf copy.pdf
uploads/21_Rabindra_Pandey_Labenslauf.pdf
uploads/22_Rabindra_Pandey_Labenslauf copy.pdf
uploads/23_Rabindra_Pandey_Labenslauf copy.pdf
uploads/23_Rabindra_Pandey_Labenslauf.pdf
uploads/24_Rabindra_Pandey_Labenslauf copy.pdf
uploads/25_Rabindra_Pandey_Resume.pdf
uploads/25_Sunil_KC_Lebenslauf_2026.pdf
uploads/26_Rabindra_Pandey_Labenslauf copy.pdf
uploads/26_Rabindra_Pandey_Resume.pdf
uploads/27_Sunil_KC_Lebenslauf_2026.pdf
uploads/28_Rabindra_Pandey_Resume.pdf
uploads/28_Sunil_KC_Lebenslauf_2026.pdf
uploads/29_Ranjita_Pandey_Resume.pdf
uploads/29_Sunil_KC_Lebenslauf_2026.pdf
uploads/2_Rabindra_Pandey_Labenslauf copy.pdf
uploads/2_Rabindra_Pandey_Labenslauf.pdf
uploads/2_Ranjita_Pandey_Resume.pdf
uploads/30_Copy of Curriculum Vitae of Samyog Dhakal.pdf
uploads/30_Rabindra_Pandey_Resume.pdf
uploads/31_Copy of Curriculum Vitae of Samyog Dhakal.pdf
uploads/31_Ranjita_Pandey_Resume.pdf
uploads/32_Ranjita_Pandey_Resume.pdf
uploads/32_Samyog Dhakal.pdf
uploads/33_Rabindra_Pandey_Labenslauf.pdf
uploads/33_Samyog Dhakal.pdf
uploads/34_Rabindra Pandey (1).pdf
uploads/34_Rabindra_Pandey_Labenslauf.pdf
uploads/35_Ranjita_Pandey_Resume.pdf
uploads/35_Samyog Dhakal.pdf
uploads/36_Rabindra_Pandey_Labenslauf copy.pdf
uploads/36_Rabindra_Pandey_Labenslauf.pdf
uploads/37_Rabindra_Pandey_Labenslauf.pdf
uploads/39_Rabindra_Pandey_Labenslauf.pdf
uploads/3_Rabindra_Pandey_Labenslauf.pdf
uploads/40_Rabindra_Pandey_Labenslauf.pdf
uploads/44_Rabindra_Pandey_Labenslauf.pdf
uploads/46_Rabindra_Pandey_Labenslauf.pdf
uploads/47_Rabindra_Pandey_Labenslauf copy.pdf
uploads/48_Rabindra_Pandey_Labenslauf copy.pdf
uploads/49_Rabindra_Pandey_Labenslauf copy.pdf
uploads/4_Rabindra_Pandey_Labenslauf copy.pdf
uploads/4_Rabindra_Pandey_Labenslauf.pdf
uploads/50_Ranjita_Pandey_Resume.pdf
uploads/51_Rabindra_Pandey_Labenslauf copy.pdf
uploads/52_Rabindra_Pandey_Labenslauf copy.pdf
uploads/53_Rabindra_Pandey_Labenslauf copy.pdf
uploads/54_Rabindra_Pandey_Labenslauf copy.pdf
uploads/55_Rabindra_Pandey_Labenslauf copy.pdf
uploads/56_Rabindra_Pandey_Labenslauf copy.pdf
uploads/5_Rabindra_Pandey_Labenslauf.pdf
uploads/6_Rabindra_Pandey_Labenslauf copy.pdf
uploads/7_Rabindra_Pandey_Labenslauf.pdf
uploads/7_Sunil_KC_Lebenslauf_2026.pdf
uploads/8_Rabindra_Pandey_Labenslauf copy.pdf
uploads/8_Ranjita_Pandey_Resume.pdf
uploads/8_Sunil_KC_Lebenslauf_2026.pdf
uploads/9_Sunil_KC_Lebenslauf_2026.pdf
uploads/photos/
uploads/photos/14_1725898218626.jpeg
uploads/photos/15_Rabindra_Profil.jpeg
uploads/photos/1_Rabindra_Profil.jpeg
uploads/photos/21_1725898218626.jpeg
uploads/photos/21_Rabindra_Profil.jpeg
uploads/photos/22_1725898218626.jpeg
uploads/photos/22_Rabindra_Profil.jpeg
uploads/photos/23_Rabindra_Profil.jpeg
uploads/photos/24_1725898218626.jpeg
uploads/photos/24_Rabindra_Profil.jpeg
uploads/photos/25_1725898218626.jpeg
uploads/photos/25_Rabindra_Profil.jpeg
uploads/photos/26_1725898218626.jpeg
uploads/photos/26_Rabindra_Profil.jpeg
uploads/photos/29_1725898218626.jpeg
uploads/photos/33_Rabindra_Profil.jpeg
uploads/photos/34_Rabindra_Profil.jpeg
uploads/photos/35_1725898218626.jpeg
uploads/photos/36_Rabindra_Profil.jpeg
uploads/photos/37_Rabindra_Profil.jpeg
uploads/photos/40_Rabindra_Profil.jpeg
uploads/photos/41_Rabindra_Profil.jpeg
uploads/photos/44_Rabindra_Profil.jpeg
uploads/photos/46_Rabindra_Profil.jpeg
uploads/photos/47_Rabindra_Profil.jpeg
uploads/photos/48_Rabindra_Profil.jpeg
uploads/photos/49_Rabindra_Profil.jpeg
uploads/photos/4_Rabindra_Profil.jpeg
uploads/photos/52_Rabindra_Profil.jpeg
uploads/photos/53_Rabindra_Profil.jpeg
uploads/photos/55_Rabindra_Profil.jpeg
uploads/photos/56_Rabindra_Profil.jpeg
uploads/photos/cv_14_photo.jpeg

sent 147,844,407 bytes  received 74,623 bytes  1,985,490.34 bytes/sec
total size is 245,878,273  speedup is 1.66
Pseudo-terminal will not be allocated because stdin is not a terminal.
Defaulting to user installation because normal site-packages is not writeable
Looking in links: /tmp/tmp694jt5jv
Requirement already satisfied: setuptools in /usr/lib/python3.9/site-packages (53.0.0)
Requirement already satisfied: pip in ./.local/lib/python3.9/site-packages (21.3.1)
Collecting fastapi
  Downloading fastapi-0.128.8-py3-none-any.whl (103 kB)
Collecting uvicorn[standard]
  Downloading uvicorn-0.39.0-py3-none-any.whl (68 kB)
Collecting PyMySQL
  Downloading pymysql-1.2.0-py3-none-any.whl (45 kB)
Requirement already satisfied: cryptography in /usr/lib64/python3.9/site-packages (from -r requirements.txt (line 4)) (36.0.1)
Collecting pydantic
  Downloading pydantic-2.13.4-py3-none-any.whl (472 kB)
Collecting python-dotenv
  Downloading python_dotenv-1.2.1-py3-none-any.whl (21 kB)
Collecting python-jose
  Downloading python_jose-3.5.0-py2.py3-none-any.whl (34 kB)
Collecting python-multipart
  Downloading python_multipart-0.0.20-py3-none-any.whl (24 kB)
Requirement already satisfied: PyYAML in /usr/lib64/python3.9/site-packages (from -r requirements.txt (line 9)) (5.4.1)
Requirement already satisfied: requests in /usr/lib/python3.9/site-packages (from -r requirements.txt (line 10)) (2.25.1)
Collecting rsa
  Downloading rsa-4.9.1-py3-none-any.whl (34 kB)
Collecting SQLAlchemy
  Downloading sqlalchemy-2.0.51-cp39-cp39-manylinux2014_x86_64.manylinux_2_17_x86_64.manylinux_2_28_x86_64.whl (3.2 MB)
Collecting reportlab
  Downloading reportlab-5.0.0-py3-none-any.whl (2.0 MB)
Collecting pdfplumber
  Downloading pdfplumber-0.11.10-py3-none-any.whl (60 kB)
Collecting python-docx
  Downloading python_docx-1.2.0-py3-none-any.whl (252 kB)
Collecting groq
  Downloading groq-1.0.0-py3-none-any.whl (138 kB)
Collecting beautifulsoup4
  Downloading beautifulsoup4-4.15.0-py3-none-any.whl (109 kB)
Collecting litellm
  Downloading litellm-1.83.9-py3-none-any.whl (16.4 MB)
Collecting openai
  Downloading openai-2.43.0-py3-none-any.whl (1.4 MB)
Collecting gunicorn
  Downloading gunicorn-23.0.0-py3-none-any.whl (85 kB)
Collecting passlib[bcrypt]
  Downloading passlib-1.7.4-py2.py3-none-any.whl (525 kB)
Collecting email-validator
  Downloading email_validator-2.3.0-py3-none-any.whl (35 kB)
Collecting annotated-doc>=0.0.2
  Downloading annotated_doc-0.0.4-py3-none-any.whl (5.3 kB)
Collecting typing-inspection>=0.4.2
  Downloading typing_inspection-0.4.2-py3-none-any.whl (14 kB)
Collecting typing-extensions>=4.8.0
  Downloading typing_extensions-4.15.0-py3-none-any.whl (44 kB)
Collecting starlette<1.0.0,>=0.40.0
  Downloading starlette-0.49.3-py3-none-any.whl (74 kB)
Collecting click>=7.0
  Downloading click-8.1.8-py3-none-any.whl (98 kB)
Collecting h11>=0.8
  Downloading h11-0.16.0-py3-none-any.whl (37 kB)
Collecting websockets>=10.4
  Downloading websockets-15.0.1-cp39-cp39-manylinux_2_5_x86_64.manylinux1_x86_64.manylinux_2_17_x86_64.manylinux2014_x86_64.whl (181 kB)
Collecting watchfiles>=0.13
  Downloading watchfiles-1.1.1-cp39-cp39-manylinux_2_17_x86_64.manylinux2014_x86_64.whl (457 kB)
Collecting httptools>=0.6.3
  Downloading httptools-0.8.0-cp39-cp39-manylinux1_x86_64.manylinux_2_28_x86_64.manylinux_2_5_x86_64.whl (451 kB)
Collecting uvloop>=0.15.1
  Downloading uvloop-0.22.1-cp39-cp39-manylinux2014_x86_64.manylinux_2_17_x86_64.manylinux_2_28_x86_64.whl (3.7 MB)
Requirement already satisfied: cffi>=1.12 in /usr/lib64/python3.9/site-packages (from cryptography->-r requirements.txt (line 4)) (1.14.5)
Collecting pydantic-core==2.46.4
  Downloading pydantic_core-2.46.4-cp39-cp39-manylinux_2_17_x86_64.manylinux2014_x86_64.whl (2.1 MB)
Collecting annotated-types>=0.6.0
  Using cached annotated_types-0.7.0-py3-none-any.whl (13 kB)
Collecting pyasn1>=0.5.0
  Downloading pyasn1-0.6.3-py3-none-any.whl (83 kB)
Collecting ecdsa!=0.15
  Downloading ecdsa-0.19.2-py2.py3-none-any.whl (150 kB)
Requirement already satisfied: chardet<5,>=3.0.2 in /usr/lib/python3.9/site-packages (from requests->-r requirements.txt (line 10)) (4.0.0)
Requirement already satisfied: idna<3,>=2.5 in /usr/lib/python3.9/site-packages (from requests->-r requirements.txt (line 10)) (2.10)
Requirement already satisfied: urllib3<1.27,>=1.21.1 in /usr/lib/python3.9/site-packages (from requests->-r requirements.txt (line 10)) (1.26.5)
Collecting greenlet>=1
  Downloading greenlet-3.2.5-cp39-cp39-manylinux_2_24_x86_64.manylinux_2_28_x86_64.whl (587 kB)
Collecting pillow>=9.0.0
  Downloading pillow-11.3.0-cp39-cp39-manylinux_2_27_x86_64.manylinux_2_28_x86_64.whl (6.6 MB)
Collecting charset-normalizer
  Downloading charset_normalizer-3.4.7-cp39-cp39-manylinux2014_x86_64.manylinux_2_17_x86_64.manylinux_2_28_x86_64.whl (208 kB)
Collecting pdfplumber
  Downloading pdfplumber-0.11.9-py3-none-any.whl (60 kB)
Collecting pypdfium2>=4.18.0
  Downloading pypdfium2-5.10.1-py3-none-manylinux_2_17_x86_64.manylinux2014_x86_64.whl (3.7 MB)
Collecting pdfplumber
  Downloading pdfplumber-0.11.8-py3-none-any.whl (60 kB)
Collecting pdfminer.six==20251107
  Downloading pdfminer_six-20251107-py3-none-any.whl (5.6 MB)
Collecting lxml>=3.1.0
  Downloading lxml-6.1.1-cp39-cp39-manylinux_2_26_x86_64.manylinux_2_28_x86_64.whl (5.3 MB)
Collecting httpx<1,>=0.23.0
  Downloading httpx-0.28.1-py3-none-any.whl (73 kB)
Collecting sniffio
  Downloading sniffio-1.3.1-py3-none-any.whl (10 kB)
Collecting anyio<5,>=3.5.0
  Using cached anyio-4.12.1-py3-none-any.whl (113 kB)
Collecting distro<2,>=1.7.0
  Downloading distro-1.9.0-py3-none-any.whl (20 kB)
Collecting soupsieve>=1.6.1
  Downloading soupsieve-2.8.4-py3-none-any.whl (37 kB)
Collecting pydantic
  Downloading pydantic-2.12.5-py3-none-any.whl (463 kB)
Collecting aiohttp==3.13.3
  Downloading aiohttp-3.13.3-cp39-cp39-manylinux2014_x86_64.manylinux_2_17_x86_64.manylinux_2_28_x86_64.whl (1.7 MB)
Collecting jsonschema==4.23.0
  Downloading jsonschema-4.23.0-py3-none-any.whl (88 kB)
Collecting fastuuid==0.14.0
  Downloading fastuuid-0.14.0-cp39-cp39-manylinux_2_17_x86_64.manylinux2014_x86_64.whl (281 kB)
Collecting openai
  Downloading openai-2.24.0-py3-none-any.whl (1.1 MB)
Collecting importlib-metadata==8.5.0
  Downloading importlib_metadata-8.5.0-py3-none-any.whl (26 kB)
Collecting tokenizers==0.22.2
  Downloading tokenizers-0.22.2-cp39-abi3-manylinux_2_17_x86_64.manylinux2014_x86_64.whl (3.3 MB)
Collecting jinja2==3.1.6
  Downloading jinja2-3.1.6-py3-none-any.whl (134 kB)
Collecting tiktoken==0.12.0
  Downloading tiktoken-0.12.0-cp39-cp39-manylinux_2_28_x86_64.whl (1.2 MB)
Collecting python-dotenv
  Downloading python_dotenv-1.0.1-py3-none-any.whl (19 kB)
INFO: pip is looking at multiple versions of litellm to determine which version is compatible with other requirements. This could take a while.
Collecting litellm
  Downloading litellm-1.83.8-py3-none-any.whl (16.3 MB)
  Downloading litellm-1.83.7-py3-none-any.whl (16.1 MB)
Collecting aiohttp==3.13.5
  Downloading aiohttp-3.13.5-cp39-cp39-manylinux2014_x86_64.manylinux_2_17_x86_64.manylinux_2_28_x86_64.whl (1.7 MB)
Collecting openai
  Downloading openai-2.30.0-py3-none-any.whl (1.1 MB)
Collecting litellm
  Downloading litellm-1.83.6-py3-none-any.whl (16.0 MB)
  Downloading litellm-1.83.5-py3-none-any.whl (16.0 MB)
  Downloading litellm-1.83.4-py3-none-any.whl (16.0 MB)
  Downloading litellm-1.83.3-py3-none-any.whl (16.0 MB)
  Downloading litellm-1.83.2-py3-none-any.whl (15.6 MB)
INFO: pip is looking at multiple versions of litellm to determine which version is compatible with other requirements. This could take a while.
  Downloading litellm-1.83.1-py3-none-any.whl (15.6 MB)
  Downloading litellm-1.83.0-py3-none-any.whl (15.6 MB)
Collecting jsonschema<5.0.0,>=4.23.0
  Downloading jsonschema-4.25.1-py3-none-any.whl (90 kB)
Collecting importlib-metadata>=6.8.0
  Downloading importlib_metadata-8.7.1-py3-none-any.whl (27 kB)
Collecting tiktoken>=0.7.0
  Downloading tiktoken-0.13.0-cp39-cp39-manylinux_2_28_x86_64.whl (1.1 MB)
Collecting tqdm>4
  Downloading tqdm-4.68.3-py3-none-any.whl (78 kB)
Collecting jiter<1,>=0.10.0
  Downloading jiter-0.15.0-cp39-cp39-manylinux_2_17_x86_64.manylinux2014_x86_64.whl (353 kB)
Collecting packaging
  Downloading packaging-26.2-py3-none-any.whl (100 kB)
Collecting bcrypt>=3.1.0
  Downloading bcrypt-5.0.0-cp39-abi3-manylinux_2_34_x86_64.whl (278 kB)
Collecting dnspython>=2.0.0
  Downloading dnspython-2.7.0-py3-none-any.whl (313 kB)
Collecting frozenlist>=1.1.1
  Downloading frozenlist-1.8.0-cp39-cp39-manylinux1_x86_64.manylinux_2_28_x86_64.manylinux_2_5_x86_64.whl (219 kB)
Requirement already satisfied: attrs>=17.3.0 in /usr/lib/python3.9/site-packages (from aiohttp==3.13.5->litellm->-r requirements.txt (line 18)) (20.3.0)
Collecting propcache>=0.2.0
  Downloading propcache-0.4.1-cp39-cp39-manylinux2014_x86_64.manylinux_2_17_x86_64.manylinux_2_28_x86_64.whl (197 kB)
Collecting multidict<7.0,>=4.5
  Downloading multidict-6.7.1-cp39-cp39-manylinux2014_x86_64.manylinux_2_17_x86_64.manylinux_2_28_x86_64.whl (240 kB)
Collecting aiosignal>=1.4.0
  Downloading aiosignal-1.4.0-py3-none-any.whl (7.5 kB)
Collecting yarl<2.0,>=1.17.0
  Downloading yarl-1.22.0-cp39-cp39-manylinux2014_x86_64.manylinux_2_17_x86_64.manylinux_2_28_x86_64.whl (346 kB)
Collecting async-timeout<6.0,>=4.0
  Downloading async_timeout-5.0.1-py3-none-any.whl (6.2 kB)
Collecting aiohappyeyeballs>=2.5.0
  Downloading aiohappyeyeballs-2.6.1-py3-none-any.whl (15 kB)
Collecting exceptiongroup>=1.0.2
  Downloading exceptiongroup-1.3.1-py3-none-any.whl (16 kB)
Requirement already satisfied: pycparser in /usr/lib/python3.9/site-packages (from cffi>=1.12->cryptography->-r requirements.txt (line 4)) (2.20)
Requirement already satisfied: six>=1.9.0 in /usr/lib/python3.9/site-packages (from ecdsa!=0.15->python-jose->-r requirements.txt (line 7)) (1.15.0)
Collecting httpcore==1.*
  Downloading httpcore-1.0.9-py3-none-any.whl (78 kB)
Requirement already satisfied: certifi in /usr/lib/python3.9/site-packages (from httpx<1,>=0.23.0->groq->-r requirements.txt (line 16)) (2020.12.5)
Collecting zipp>=3.20
  Downloading zipp-3.23.1-py3-none-any.whl (10 kB)
Collecting MarkupSafe>=2.0
  Downloading markupsafe-3.0.3-cp39-cp39-manylinux2014_x86_64.manylinux_2_17_x86_64.manylinux_2_28_x86_64.whl (20 kB)
Collecting rpds-py>=0.7.1
  Downloading rpds_py-0.27.1-cp39-cp39-manylinux_2_17_x86_64.manylinux2014_x86_64.whl (384 kB)
Collecting referencing>=0.28.4
  Downloading referencing-0.36.2-py3-none-any.whl (26 kB)
Collecting attrs>=17.3.0
  Downloading attrs-26.1.0-py3-none-any.whl (67 kB)
Collecting jsonschema-specifications>=2023.03.6
  Downloading jsonschema_specifications-2025.9.1-py3-none-any.whl (18 kB)
Collecting regex
  Downloading regex-2026.1.15-cp39-cp39-manylinux2014_x86_64.manylinux_2_17_x86_64.manylinux_2_28_x86_64.whl (791 kB)
Collecting huggingface-hub<2.0,>=0.16.4
  Downloading huggingface_hub-1.8.0-py3-none-any.whl (625 kB)
Collecting filelock>=3.10.0
  Downloading filelock-3.19.1-py3-none-any.whl (15 kB)
Collecting hf-xet<2.0.0,>=1.4.2
  Downloading hf_xet-1.5.1-cp37-abi3-manylinux2014_x86_64.manylinux_2_17_x86_64.whl (4.5 MB)
Collecting typer
  Downloading typer-0.23.2-py3-none-any.whl (56 kB)
Collecting fsspec>=2023.5.0
  Downloading fsspec-2025.10.0-py3-none-any.whl (200 kB)
Requirement already satisfied: ply==3.11 in /usr/lib/python3.9/site-packages (from pycparser->cffi>=1.12->cryptography->-r requirements.txt (line 4)) (3.11)
Collecting shellingham>=1.3.0
  Downloading shellingham-1.5.4-py2.py3-none-any.whl (9.8 kB)
Collecting rich>=12.3.0
  Downloading rich-15.0.0-py3-none-any.whl (310 kB)
Collecting markdown-it-py>=2.2.0
  Downloading markdown_it_py-3.0.0-py3-none-any.whl (87 kB)
Collecting pygments<3.0.0,>=2.13.0
  Downloading pygments-2.20.0-py3-none-any.whl (1.2 MB)
Collecting mdurl~=0.1
  Downloading mdurl-0.1.2-py3-none-any.whl (10.0 kB)
Installing collected packages: typing-extensions, mdurl, pygments, markdown-it-py, h11, exceptiongroup, shellingham, rpds-py, rich, httpcore, click, attrs, anyio, annotated-doc, typing-inspection, typer, tqdm, referencing, pydantic-core, propcache, packaging, multidict, httpx, hf-xet, fsspec, frozenlist, filelock, annotated-types, zipp, yarl, sniffio, regex, pydantic, pyasn1, MarkupSafe, jsonschema-specifications, jiter, huggingface-hub, distro, charset-normalizer, async-timeout, aiosignal, aiohappyeyeballs, websockets, watchfiles, uvloop, uvicorn, tokenizers, tiktoken, starlette, soupsieve, rsa, python-dotenv, pypdfium2, pillow, pdfminer.six, passlib, openai, lxml, jsonschema, jinja2, importlib-metadata, httptools, greenlet, fastuuid, ecdsa, dnspython, bcrypt, aiohttp, SQLAlchemy, reportlab, python-multipart, python-jose, python-docx, PyMySQL, pdfplumber, litellm, gunicorn, groq, fastapi, email-validator, beautifulsoup4
Successfully installed MarkupSafe-3.0.3 PyMySQL-1.2.0 SQLAlchemy-2.0.51 aiohappyeyeballs-2.6.1 aiohttp-3.13.5 aiosignal-1.4.0 annotated-doc-0.0.4 annotated-types-0.7.0 anyio-4.12.1 async-timeout-5.0.1 attrs-26.1.0 bcrypt-5.0.0 beautifulsoup4-4.15.0 charset-normalizer-3.4.7 click-8.1.8 distro-1.9.0 dnspython-2.7.0 ecdsa-0.19.2 email-validator-2.3.0 exceptiongroup-1.3.1 fastapi-0.128.8 fastuuid-0.14.0 filelock-3.19.1 frozenlist-1.8.0 fsspec-2025.10.0 greenlet-3.2.5 groq-1.0.0 gunicorn-23.0.0 h11-0.16.0 hf-xet-1.5.1 httpcore-1.0.9 httptools-0.8.0 httpx-0.28.1 huggingface-hub-1.8.0 importlib-metadata-8.7.1 jinja2-3.1.6 jiter-0.15.0 jsonschema-4.25.1 jsonschema-specifications-2025.9.1 litellm-1.83.0 lxml-6.1.1 markdown-it-py-3.0.0 mdurl-0.1.2 multidict-6.7.1 openai-2.43.0 packaging-26.2 passlib-1.7.4 pdfminer.six-20251107 pdfplumber-0.11.8 pillow-11.3.0 propcache-0.4.1 pyasn1-0.6.3 pydantic-2.13.4 pydantic-core-2.46.4 pygments-2.20.0 pypdfium2-5.10.1 python-docx-1.2.0 python-dotenv-1.2.1 python-jose-3.5.0 python-multipart-0.0.20 referencing-0.36.2 regex-2026.1.15 reportlab-5.0.0 rich-15.0.0 rpds-py-0.27.1 rsa-4.9.1 shellingham-1.5.4 sniffio-1.3.1 soupsieve-2.8.4 starlette-0.49.3 tiktoken-0.13.0 tokenizers-0.22.2 tqdm-4.68.3 typer-0.23.2 typing-extensions-4.15.0 typing-inspection-0.4.2 uvicorn-0.39.0 uvloop-0.22.1 watchfiles-1.1.1 websockets-15.0.1 yarl-1.22.0 zipp-3.23.1
WARNING: You are using pip version 21.3.1; however, version 26.0.1 is available.
You should consider upgrading via the '/usr/bin/python3 -m pip install --upgrade pip' command.
[Unit]
Description=FastAPI Backend
After=network.target

[Service]
User=opc
WorkingDirectory=/opt/backend
Environment="PATH=/home/opc/.local/bin:/home/opc/.local/lib/python3.9/site-packages/bin:/usr/local/bin:/usr/bin"
ExecStart=/usr/bin/python3 run.py --host 0.0.0.0 --port 8000
Restart=always

[Install]
WantedBy=multi-user.target
success
Warning: ALREADY_ENABLED: 8000:tcp
success
==================================================
✅ Deployment Complete!
Frontend is live at: http://89.168.85.18/
Backend API is live at: http://79.76.126.235:8000/api/
==================================================
